{"version":2,"blockTransformers":[{"type":"naturalAir","transformer":{"source":"reccomplex:negativeSpace","sourceMetadata":1}},{"type":"negativeSpace","transformer":{"source":"reccomplex:negativeSpace","sourceMetadata":0}},{"type":"natural","transformer":{"source":"reccomplex:naturalFloor","sourceMetadata":0}}],"rotatable":false,"mirrorable":false,"naturalGenerationInfo":{"generationCategory":"decoration","generationY":{"selectionMode":"surface","minY":0,"maxY":0},"generationBiomes":[{"biome":""}]},"customData":{}}