{
	//Used to add recipes for the given tier of Chest 0-7
	//Note all these recipe are shaped!
	"Tier0":{
		//A list of recipes
		"recipes":{
			//The shape template of the recipe specifired by the characters in 1-3 strings
			//All strings MUST be the same length! And must have atleast 1 string
			"template":["mcm","cwc","mcm"],
			//The list of parts for the recipe(required)
			//Part:{
			//	(required)"id":'character id',
			//	(required)"type":"part type", 
			//	(mostly required)"part"
			//      (valid "type":"part" options: 
			//		"stack":{(required)"name":"modId(optional Default:minecraft):itemName", (optional)"meta":metadata(set as "wildcard" for any metadata), (optional)"nbt":{nbt data}}, 
			//		"ore":"oreDictionaryName", 
			//		"material":"frame"(a frame material), "core"(a core material),
			//		"materialColor":"clay","wool","dye"(use a stained clay block, wool block, or any dye to color the chest),
			//		"materialChest"(no part required, not valid for tier 0! uses a chest of the previous tier and copies its data, data will be overrided by other materials)
			//}
			"parts":[
				{"id":'c', "type":"material", "part":"core"},
				{"id":'m', "type":"material", "part":"frame"},
				{"id":'w', "type":"materialColor", "part":"wool"}
			]
		}
	},
	"Tier1":{
		"recipes":{
			"template":["mmm","mcm","mmm"],
			"parts":[
				{"id":'m', "type":"material", "part":"frame"},
				{"id":'c', "type":"materialChest"}
			]
		}
	},
	"Tier2":{
		"recipes":{
			"template":["mmm","mcm","mmm"],
			"parts":[
				{"id":'m', "type":"material", "part":"frame"},
				{"id":'c', "type":"materialChest"}
			]
		}
	},
	"Tier3":{
		"recipes":{
			"template":["mmm","mcm","mmm"],
			"parts":[
				{"id":'m', "type":"material", "part":"frame"},
				{"id":'c', "type":"materialChest"}
			]
		}
	},
	"Tier4":{
		"recipes":{
			"template":["mmm","mcm","mmm"],
			"parts":[
				{"id":'m', "type":"material", "part":"frame"},
				{"id":'c', "type":"materialChest"}
			]
		}
	},
	"Tier5":{
		"recipes":{
			"template":["mmm","mcm","mmm"],
			"parts":[
				{"id":'m', "type":"material", "part":"frame"},
				{"id":'c', "type":"materialChest"}
			]
		}
	},
	"Tier6":{
		"recipes":{
			"template":["mmm","mcm","mmm"],
			"parts":[
				{"id":'m', "type":"material", "part":"frame"},
				{"id":'c', "type":"materialChest"}
			]
		}
	},
	"Tier7":{
		"recipes":{
			"template":["mmm","mcm","mmm"],
			"parts":[
				{"id":'m', "type":"material", "part":"frame"},
				{"id":'c', "type":"materialChest"}
			]
		}
	}
}