
<!-- ================================================================ 

Custom Ore Generation:   Netherrocks Module

Generates: 
Malachite, Dragonstone, Illumenite, Fyrite, Ashtone, Argonite

================================================================ -->

    <!-- Mod detection -->
    <IfModInstalled name="netherrocks">
    
        <!-- Starting Configuration for Custom Ore Generation. -->
        <ConfigSection>
        
            
            <!-- Setup Screen Configuration -->
            <ConfigSection>
                <OptionDisplayGroup name='groupNetherrocks' displayName='Netherrocks' displayState='shown'> 
                    <Description>
                        Distribution options for Netherrocks Ores.
                    </Description>
                </OptionDisplayGroup>
                
                <!-- Malachite Configuration UI Starting -->
                <ConfigSection>
                    <OptionChoice name='nthrMalachiteDist'  displayState='shown' displayGroup='groupNetherrocks'> 
                        <Description> Controls how Malachite is generated </Description> 
                        <DisplayName>Netherrocks Malachite</DisplayName>
                        <Choice value='layeredVeins' displayValue='Layered Veins'>
                            <Description>
                                Layered Veins.
                            </Description>
                        </Choice>
                        <Choice value='hugeVeins' displayValue='Huge Veins'>
                            <Description>
                                Huge Veins.
                            </Description>
                        </Choice>
                        <Choice value='strategicCloud' displayValue='Clouds'>
                            <Description>
                                Strategic Clouds.
                            </Description>
                        </Choice>
                        <Choice value='vanillaStdGen' displayValue='Vanilla'>
                            <Description>
                                Vanilla-style clusters.
                            </Description>
                        </Choice>
                        <Choice value='none' displayValue='None' description='Malachite is not generated in the world.'/>
                    </OptionChoice>
                    <OptionNumeric name='nthrMalachiteFreq' default='1'  min='0' max='5' displayState=':= if(?advOptions,"shown","hidden")' displayGroup='groupNetherrocks'>
                        <Description> Frequency multiplier for Netherrocks Malachite distributions </Description>
                        <DisplayName>Netherrocks Malachite Freq.</DisplayName>
                    </OptionNumeric>
                    <OptionNumeric name='nthrMalachiteSize' default='1'  min='0' max='5' displayState=':= if(?advOptions,"shown","hidden")' displayGroup='groupNetherrocks'>
                        <Description> Size multiplier for Netherrocks Malachite distributions </Description>
                        <DisplayName>Netherrocks Malachite Size</DisplayName>
                    </OptionNumeric>
                </ConfigSection> 
                <!-- Malachite Configuration UI Complete -->
                
                
                <!-- Dragonstone Configuration UI Starting -->
                <ConfigSection>
                    <OptionChoice name='nthrDragonstoneDist'  displayState='shown' displayGroup='groupNetherrocks'> 
                        <Description> Controls how Dragonstone is generated </Description> 
                        <DisplayName>Netherrocks Dragonstone</DisplayName>
                        <Choice value='layeredVeins' displayValue='Layered Veins'>
                            <Description>
                                Layered Veins.
                            </Description>
                        </Choice>
                        <Choice value='hugeVeins' displayValue='Huge Veins'>
                            <Description>
                                Huge Veins.
                            </Description>
                        </Choice>
                        <Choice value='strategicCloud' displayValue='Clouds'>
                            <Description>
                                Strategic Clouds.
                            </Description>
                        </Choice>
                        <Choice value='vanillaStdGen' displayValue='Vanilla'>
                            <Description>
                                Vanilla-style clusters.
                            </Description>
                        </Choice>
                        <Choice value='none' displayValue='None' description='Dragonstone is not generated in the world.'/>
                    </OptionChoice>
                    <OptionNumeric name='nthrDragonstoneFreq' default='1'  min='0' max='5' displayState=':= if(?advOptions,"shown","hidden")' displayGroup='groupNetherrocks'>
                        <Description> Frequency multiplier for Netherrocks Dragonstone distributions </Description>
                        <DisplayName>Netherrocks Dragonstone Freq.</DisplayName>
                    </OptionNumeric>
                    <OptionNumeric name='nthrDragonstoneSize' default='1'  min='0' max='5' displayState=':= if(?advOptions,"shown","hidden")' displayGroup='groupNetherrocks'>
                        <Description> Size multiplier for Netherrocks Dragonstone distributions </Description>
                        <DisplayName>Netherrocks Dragonstone Size</DisplayName>
                    </OptionNumeric>
                </ConfigSection> 
                <!-- Dragonstone Configuration UI Complete -->
                
                
                <!-- Illumenite Configuration UI Starting -->
                <ConfigSection>
                    <OptionChoice name='nthrIllumeniteDist'  displayState='shown' displayGroup='groupNetherrocks'> 
                        <Description> Controls how Illumenite is generated </Description> 
                        <DisplayName>Netherrocks Illumenite</DisplayName>
                        <Choice value='layeredVeins' displayValue='Layered Veins'>
                            <Description>
                                Layered Veins.
                            </Description>
                        </Choice>
                        <Choice value='hugeVeins' displayValue='Huge Veins'>
                            <Description>
                                Huge Veins.
                            </Description>
                        </Choice>
                        <Choice value='strategicCloud' displayValue='Clouds'>
                            <Description>
                                Strategic Clouds.
                            </Description>
                        </Choice>
                        <Choice value='vanillaStdGen' displayValue='Vanilla'>
                            <Description>
                                Vanilla-style clusters.
                            </Description>
                        </Choice>
                        <Choice value='none' displayValue='None' description='Illumenite is not generated in the world.'/>
                    </OptionChoice>
                    <OptionNumeric name='nthrIllumeniteFreq' default='1'  min='0' max='5' displayState=':= if(?advOptions,"shown","hidden")' displayGroup='groupNetherrocks'>
                        <Description> Frequency multiplier for Netherrocks Illumenite distributions </Description>
                        <DisplayName>Netherrocks Illumenite Freq.</DisplayName>
                    </OptionNumeric>
                    <OptionNumeric name='nthrIllumeniteSize' default='1'  min='0' max='5' displayState=':= if(?advOptions,"shown","hidden")' displayGroup='groupNetherrocks'>
                        <Description> Size multiplier for Netherrocks Illumenite distributions </Description>
                        <DisplayName>Netherrocks Illumenite Size</DisplayName>
                    </OptionNumeric>
                </ConfigSection> 
                <!-- Illumenite Configuration UI Complete -->
                
                
                <!-- Fyrite Configuration UI Starting -->
                <ConfigSection>
                    <OptionChoice name='nthrFyriteDist'  displayState='shown' displayGroup='groupNetherrocks'> 
                        <Description> Controls how Fyrite is generated </Description> 
                        <DisplayName>Netherrocks Fyrite</DisplayName>
                        <Choice value='layeredVeins' displayValue='Layered Veins'>
                            <Description>
                                Layered Veins.
                            </Description>
                        </Choice>
                        <Choice value='hugeVeins' displayValue='Huge Veins'>
                            <Description>
                                Huge Veins.
                            </Description>
                        </Choice>
                        <Choice value='strategicCloud' displayValue='Clouds'>
                            <Description>
                                Strategic Clouds.
                            </Description>
                        </Choice>
                        <Choice value='vanillaStdGen' displayValue='Vanilla'>
                            <Description>
                                Vanilla-style clusters.
                            </Description>
                        </Choice>
                        <Choice value='none' displayValue='None' description='Fyrite is not generated in the world.'/>
                    </OptionChoice>
                    <OptionNumeric name='nthrFyriteFreq' default='1'  min='0' max='5' displayState=':= if(?advOptions,"shown","hidden")' displayGroup='groupNetherrocks'>
                        <Description> Frequency multiplier for Netherrocks Fyrite distributions </Description>
                        <DisplayName>Netherrocks Fyrite Freq.</DisplayName>
                    </OptionNumeric>
                    <OptionNumeric name='nthrFyriteSize' default='1'  min='0' max='5' displayState=':= if(?advOptions,"shown","hidden")' displayGroup='groupNetherrocks'>
                        <Description> Size multiplier for Netherrocks Fyrite distributions </Description>
                        <DisplayName>Netherrocks Fyrite Size</DisplayName>
                    </OptionNumeric>
                </ConfigSection> 
                <!-- Fyrite Configuration UI Complete -->
                
                
                <!-- Ashtone Configuration UI Starting -->
                <ConfigSection>
                    <OptionChoice name='nthrAshtoneDist'  displayState='shown' displayGroup='groupNetherrocks'> 
                        <Description> Controls how Ashtone is generated </Description> 
                        <DisplayName>Netherrocks Ashtone</DisplayName>
                        <Choice value='layeredVeins' displayValue='Layered Veins'>
                            <Description>
                                Layered Veins.
                            </Description>
                        </Choice>
                        <Choice value='hugeVeins' displayValue='Huge Veins'>
                            <Description>
                                Huge Veins.
                            </Description>
                        </Choice>
                        <Choice value='strategicCloud' displayValue='Clouds'>
                            <Description>
                                Strategic Clouds.
                            </Description>
                        </Choice>
                        <Choice value='vanillaStdGen' displayValue='Vanilla'>
                            <Description>
                                Vanilla-style clusters.
                            </Description>
                        </Choice>
                        <Choice value='none' displayValue='None' description='Ashtone is not generated in the world.'/>
                    </OptionChoice>
                    <OptionNumeric name='nthrAshtoneFreq' default='1'  min='0' max='5' displayState=':= if(?advOptions,"shown","hidden")' displayGroup='groupNetherrocks'>
                        <Description> Frequency multiplier for Netherrocks Ashtone distributions </Description>
                        <DisplayName>Netherrocks Ashtone Freq.</DisplayName>
                    </OptionNumeric>
                    <OptionNumeric name='nthrAshtoneSize' default='1'  min='0' max='5' displayState=':= if(?advOptions,"shown","hidden")' displayGroup='groupNetherrocks'>
                        <Description> Size multiplier for Netherrocks Ashtone distributions </Description>
                        <DisplayName>Netherrocks Ashtone Size</DisplayName>
                    </OptionNumeric>
                </ConfigSection> 
                <!-- Ashtone Configuration UI Complete -->
                
                
                <!-- Argonite Configuration UI Starting -->
                <ConfigSection>
                    <OptionChoice name='nthrArgoniteDist'  displayState='shown' displayGroup='groupNetherrocks'> 
                        <Description> Controls how Argonite is generated </Description> 
                        <DisplayName>Netherrocks Argonite</DisplayName>
                        <Choice value='layeredVeins' displayValue='Layered Veins'>
                            <Description>
                                Layered Veins.
                            </Description>
                        </Choice>
                        <Choice value='hugeVeins' displayValue='Huge Veins'>
                            <Description>
                                Huge Veins.
                            </Description>
                        </Choice>
                        <Choice value='strategicCloud' displayValue='Clouds'>
                            <Description>
                                Strategic Clouds.
                            </Description>
                        </Choice>
                        <Choice value='vanillaStdGen' displayValue='Vanilla'>
                            <Description>
                                Vanilla-style clusters.
                            </Description>
                        </Choice>
                        <Choice value='none' displayValue='None' description='Argonite is not generated in the world.'/>
                    </OptionChoice>
                    <OptionNumeric name='nthrArgoniteFreq' default='1'  min='0' max='5' displayState=':= if(?advOptions,"shown","hidden")' displayGroup='groupNetherrocks'>
                        <Description> Frequency multiplier for Netherrocks Argonite distributions </Description>
                        <DisplayName>Netherrocks Argonite Freq.</DisplayName>
                    </OptionNumeric>
                    <OptionNumeric name='nthrArgoniteSize' default='1'  min='0' max='5' displayState=':= if(?advOptions,"shown","hidden")' displayGroup='groupNetherrocks'>
                        <Description> Size multiplier for Netherrocks Argonite distributions </Description>
                        <DisplayName>Netherrocks Argonite Size</DisplayName>
                    </OptionNumeric>
                </ConfigSection> 
                <!-- Argonite Configuration UI Complete -->
                
            </ConfigSection>
            <!-- Setup Screen Complete -->


            <!-- Setup Nether -->
            <IfCondition condition=':= dimension.generator = "HellRandomLevelSource"'>
                
                <!-- Starting Original Nether Ore Removal -->
                <Substitute name='nthrNetherOreSubstitute0' block='minecraft:netherrack'>
                    <Description>
                        Replace vanilla-generated ore clusters.
                    </Description>
                    <Comment>
                        The global option deferredPopulationRange must be large enough to catch all ore clusters (>= 32).
                    </Comment>
                    <Replaces block='netherrocks:malachite_ore:0' />
                    <Replaces block='netherrocks:dragonstone_ore:0' />
                    <Replaces block='netherrocks:illumenite_ore:0' />
                    <Replaces block='netherrocks:fyrite_ore:0' />
                    <Replaces block='netherrocks:ashstone_ore:0' />
                    <Replaces block='netherrocks:argonite_ore:0' />
                </Substitute>
                <!-- Original Nether Ore Removal Complete -->
                
                <!-- Adding ores --> 
                
                <!-- Begin Malachite Generation --> 
                
                <!-- Begin Layered Veins distribution of Malachite -->
                <IfCondition condition=':= nthrMalachiteDist = "layeredVeins"'>
                
                    <Veins name='nthrMalachiteBaseVeins' block='netherrocks:malachite_ore' inherits='PresetLayeredVeins'>
                        <Description>
                            Small, fairly rare motherlodes with 2-4 horizontal veins each.
                        </Description>
                        <DrawWireframe>:=drawWireframes</DrawWireframe>
                        <WireframeColor>0x60046652</WireframeColor>
                        <Setting name='MotherlodeSize' avg=':= 3 * 1 * nthrMalachiteSize * _default_' range=':= 3 * 1 * nthrMalachiteSize * _default_'/>
                        <Setting name='MotherlodeHeight' avg=':= 120' range=':= 120' type='uniform' scaleTo='SeaLevel'/> 
                        <Setting name='SegmentRadius' avg=':= 3 * 1 * nthrMalachiteSize * _default_' range=':= 3 * 1 * nthrMalachiteSize * _default_'/>
                        <Setting name='OreDensity' avg=':= 1 * 1 * _default_' range=':= _default_'/>
                        <Setting name='MotherlodeFrequency' avg=':= 3 * 1 * nthrMalachiteFreq * _default_'/>
                        <Replaces block='minecraft:netherrack'/>
                    </Veins>
                
                </IfCondition>
                <!-- End Layered Veins distribution of Malachite -->
                
                
                <!-- Begin  Huge Veins distribution of Malachite -->
                <IfCondition condition=':= nthrMalachiteDist = "hugeVeins"'>
                
                    <Veins name='nthrMalachiteBaseVeins' block='netherrocks:malachite_ore' inherits='PresetHugeVeins'>
                        <Description>
                            Very large, extremely rare motherlodes.  Each motherlode has many long slender branches - so thin that
                            parts of the branch won't contain any ore at all.  This, combined with the incredible length of the
                            branches, makes them more challenging to follow underground.  Once found, however, a motherlode contains
                            enough ore to keep a player supplied for a very long time.
                            The rarity of these veins might be too frustrating in a single-player setting.  In SMP, though, teamwork 
                            could make finding them much easier and the motherlodes are big enough to supply several people without
                            shortage.  This might be a good way to add challenge to multiplayer worlds.
                            Credit: based on feedback by dyrewulf from the MC forums.
                        </Description>
                        <DrawWireframe>:=drawWireframes</DrawWireframe>
                        <WireframeColor>0x60046652</WireframeColor>
                        <Setting name='MotherlodeSize' avg=':= 3 * 1 * nthrMalachiteSize * _default_' range=':= 3 * 1 * nthrMalachiteSize * _default_'/>
                        <Setting name='MotherlodeHeight' avg=':= 120' range=':= 120' type='uniform' scaleTo='SeaLevel' /> 
                        <Setting name='SegmentRadius' avg=':= 3 * 1 * nthrMalachiteSize * _default_' range=':= 3 * 1 * nthrMalachiteSize * _default_'/>
                        <Setting name='OreDensity' avg=':= 1 * 1 * _default_' range=':= _default_'/>
                        <Setting name='MotherlodeFrequency' avg=':= 3 * 1 * nthrMalachiteFreq * _default_'/>
                        <Replaces block='minecraft:netherrack'/>
                    </Veins>
                
                </IfCondition>
                <!-- End  Huge Veins distribution of Malachite -->
                
                
                <!-- Begin  Strategic Cloud distribution of Malachite -->
                <IfCondition condition=':= nthrMalachiteDist = "strategicCloud"'>
                
                    <Cloud name='nthrMalachiteBaseCloud' block='netherrocks:malachite_ore' inherits='PresetStrategicCloud'>
                        <Description>
                            Large irregular clouds filled lightly with ore.  These are huge, spanning several 
                            adjacent chunks, and consequently rather rare.  They contain a sizeable amount of 
                            ore, but it takes some time and effort to mine due to low density.
                            The intent for strategic clouds is that the player will need to actively search for
                            one and then set up a semi-permanent mining base and spend some time actually mining
                            the ore.
                        </Description>
                        <DrawWireframe>:=drawWireframes</DrawWireframe>
                        <WireframeColor>0x60046652</WireframeColor>
                        <Setting name='CloudRadius' avg=':= 3 * 1 * nthrMalachiteSize * _default_' range=':= 3 * 1 * nthrMalachiteSize * _default_'/>
                        <Setting name='CloudThickness' avg=':= 3 * 1 * nthrMalachiteSize * _default_' range=':= 3 * 1 * nthrMalachiteSize * _default_'/>
                        <Setting name='CloudHeight' avg=':= 120' range=':= 120' type='uniform' scaleTo='SeaLevel'/>
                        <Setting name='OreDensity' avg=':= 1 * 1 * _default_' range=':= _default_'/>
                        <Setting name='CloudThickness' avg=':= 3 * 1 * 1 * nthrMalachiteSize * _default_' range=':= 3 * 1 * 1 * nthrMalachiteSize  * _default_'/>
                        <Setting name='DistributionFrequency' avg=':= 3 * 1 * nthrMalachiteFreq *_default_'/>
                        <Replaces block='minecraft:netherrack'/>
                        
                        <!-- Begin Malachite Strategic Cloud Hint Veins -->
                        <Veins name='nthrMalachiteBaseHintVeins' block='netherrocks:malachite_ore' inherits='PresetHintVeins'>
                            <Description>
                                Single blocks, generously scattered through all heights (density is about that of vanilla iron ore). 
                                They will replace dirt and sandstone (but not grass or sand), so they can be found nearer  
                                to the surface than most ores.  Intened to be used as a child distribution for large, rare strategic  
                                deposits that would otherwise be very difficult to find. 
                            </Description>
                            <DrawWireframe>:=drawWireframes</DrawWireframe>
                            <WireframeColor>0x60046652</WireframeColor>
                            <Replaces block='minecraft:dirt'/>
                            <Replaces block='minecraft:sandstone'/>
                            <Replaces block='minecraft:netherrack'/>
                        </Veins>
                        <!-- End Malachite Strategic Cloud Hint Veins -->

                    </Cloud>
                
                </IfCondition>
                <!-- End  Strategic Cloud distribution of Malachite -->
                
                
                <!-- Begin  Vanilla distribution of Malachite -->
                <IfCondition condition=':= nthrMalachiteDist = "vanillaStdGen"'>
                
                    <StandardGen name='nthrMalachiteBaseStandard' block='netherrocks:malachite_ore' inherits='PresetStandardGen'>
                        <Description>
                            This mimics vanilla ore generation.
                        </Description>
                        <DrawWireframe>:=drawWireframes</DrawWireframe>
                        <WireframeColor>0x60046652</WireframeColor>
                        <Setting name='Size' avg=':= 3 * 1 * nthrMalachiteSize * _default_'/>
                        <Setting name='Height' avg=':= 120' range=':= 120' type='uniform'/> 
                        <Setting name='Frequency' avg=':= 3 * 1 * nthrMalachiteFreq * _default_'/>
                        <Replaces block='minecraft:netherrack'/>
                    </StandardGen>
                
                </IfCondition>
                <!-- End  Vanilla distribution of Malachite -->
                
                <!-- End Malachite Generation --> 

                
                <!-- Begin Dragonstone Generation --> 
                
                <!-- Begin Layered Veins distribution of Dragonstone -->
                <IfCondition condition=':= nthrDragonstoneDist = "layeredVeins"'>
                
                    <Veins name='nthrDragonstoneBaseVeins' block='netherrocks:dragonstone_ore' inherits='PresetLayeredVeins'>
                        <Description>
                            Small, fairly rare motherlodes with 2-4 horizontal veins each.
                        </Description>
                        <DrawWireframe>:=drawWireframes</DrawWireframe>
                        <WireframeColor>0x602F0E0F</WireframeColor>
                        <Setting name='MotherlodeSize' avg=':= 3 * 1 * nthrDragonstoneSize * _default_' range=':= 3 * 1 * nthrDragonstoneSize * _default_'/>
                        <Setting name='MotherlodeHeight' avg=':= 120' range=':= 120' type='uniform' scaleTo='SeaLevel'/> 
                        <Setting name='SegmentRadius' avg=':= 3 * 1 * nthrDragonstoneSize * _default_' range=':= 3 * 1 * nthrDragonstoneSize * _default_'/>
                        <Setting name='OreDensity' avg=':= 1 * 1 * _default_' range=':= _default_'/>
                        <Setting name='MotherlodeFrequency' avg=':= 3 * 1 * nthrDragonstoneFreq * _default_'/>
                        <Replaces block='minecraft:netherrack'/>
                    </Veins>
                
                </IfCondition>
                <!-- End Layered Veins distribution of Dragonstone -->
                
                
                <!-- Begin  Huge Veins distribution of Dragonstone -->
                <IfCondition condition=':= nthrDragonstoneDist = "hugeVeins"'>
                
                    <Veins name='nthrDragonstoneBaseVeins' block='netherrocks:dragonstone_ore' inherits='PresetHugeVeins'>
                        <Description>
                            Very large, extremely rare motherlodes.  Each motherlode has many long slender branches - so thin that
                            parts of the branch won't contain any ore at all.  This, combined with the incredible length of the
                            branches, makes them more challenging to follow underground.  Once found, however, a motherlode contains
                            enough ore to keep a player supplied for a very long time.
                            The rarity of these veins might be too frustrating in a single-player setting.  In SMP, though, teamwork 
                            could make finding them much easier and the motherlodes are big enough to supply several people without
                            shortage.  This might be a good way to add challenge to multiplayer worlds.
                            Credit: based on feedback by dyrewulf from the MC forums.
                        </Description>
                        <DrawWireframe>:=drawWireframes</DrawWireframe>
                        <WireframeColor>0x602F0E0F</WireframeColor>
                        <Setting name='MotherlodeSize' avg=':= 3 * 1 * nthrDragonstoneSize * _default_' range=':= 3 * 1 * nthrDragonstoneSize * _default_'/>
                        <Setting name='MotherlodeHeight' avg=':= 120' range=':= 120' type='uniform' scaleTo='SeaLevel' /> 
                        <Setting name='SegmentRadius' avg=':= 3 * 1 * nthrDragonstoneSize * _default_' range=':= 3 * 1 * nthrDragonstoneSize * _default_'/>
                        <Setting name='OreDensity' avg=':= 1 * 1 * _default_' range=':= _default_'/>
                        <Setting name='MotherlodeFrequency' avg=':= 3 * 1 * nthrDragonstoneFreq * _default_'/>
                        <Replaces block='minecraft:netherrack'/>
                    </Veins>
                
                </IfCondition>
                <!-- End  Huge Veins distribution of Dragonstone -->
                
                
                <!-- Begin  Strategic Cloud distribution of Dragonstone -->
                <IfCondition condition=':= nthrDragonstoneDist = "strategicCloud"'>
                
                    <Cloud name='nthrDragonstoneBaseCloud' block='netherrocks:dragonstone_ore' inherits='PresetStrategicCloud'>
                        <Description>
                            Large irregular clouds filled lightly with ore.  These are huge, spanning several 
                            adjacent chunks, and consequently rather rare.  They contain a sizeable amount of 
                            ore, but it takes some time and effort to mine due to low density.
                            The intent for strategic clouds is that the player will need to actively search for
                            one and then set up a semi-permanent mining base and spend some time actually mining
                            the ore.
                        </Description>
                        <DrawWireframe>:=drawWireframes</DrawWireframe>
                        <WireframeColor>0x602F0E0F</WireframeColor>
                        <Setting name='CloudRadius' avg=':= 3 * 1 * nthrDragonstoneSize * _default_' range=':= 3 * 1 * nthrDragonstoneSize * _default_'/>
                        <Setting name='CloudThickness' avg=':= 3 * 1 * nthrDragonstoneSize * _default_' range=':= 3 * 1 * nthrDragonstoneSize * _default_'/>
                        <Setting name='CloudHeight' avg=':= 120' range=':= 120' type='uniform' scaleTo='SeaLevel'/>
                        <Setting name='OreDensity' avg=':= 1 * 1 * _default_' range=':= _default_'/>
                        <Setting name='CloudThickness' avg=':= 3 * 1 * 1 * nthrDragonstoneSize * _default_' range=':= 3 * 1 * 1 * nthrDragonstoneSize  * _default_'/>
                        <Setting name='DistributionFrequency' avg=':= 3 * 1 * nthrDragonstoneFreq *_default_'/>
                        <Replaces block='minecraft:netherrack'/>
                        
                        <!-- Begin Dragonstone Strategic Cloud Hint Veins -->
                        <Veins name='nthrDragonstoneBaseHintVeins' block='netherrocks:dragonstone_ore' inherits='PresetHintVeins'>
                            <Description>
                                Single blocks, generously scattered through all heights (density is about that of vanilla iron ore). 
                                They will replace dirt and sandstone (but not grass or sand), so they can be found nearer  
                                to the surface than most ores.  Intened to be used as a child distribution for large, rare strategic  
                                deposits that would otherwise be very difficult to find. 
                            </Description>
                            <DrawWireframe>:=drawWireframes</DrawWireframe>
                            <WireframeColor>0x602F0E0F</WireframeColor>
                            <Replaces block='minecraft:dirt'/>
                            <Replaces block='minecraft:sandstone'/>
                            <Replaces block='minecraft:netherrack'/>
                        </Veins>
                        <!-- End Dragonstone Strategic Cloud Hint Veins -->

                    </Cloud>
                
                </IfCondition>
                <!-- End  Strategic Cloud distribution of Dragonstone -->
                
                
                <!-- Begin  Vanilla distribution of Dragonstone -->
                <IfCondition condition=':= nthrDragonstoneDist = "vanillaStdGen"'>
                
                    <StandardGen name='nthrDragonstoneBaseStandard' block='netherrocks:dragonstone_ore' inherits='PresetStandardGen'>
                        <Description>
                            This mimics vanilla ore generation.
                        </Description>
                        <DrawWireframe>:=drawWireframes</DrawWireframe>
                        <WireframeColor>0x602F0E0F</WireframeColor>
                        <Setting name='Size' avg=':= 3 * 1 * nthrDragonstoneSize * _default_'/>
                        <Setting name='Height' avg=':= 120' range=':= 120' type='uniform'/> 
                        <Setting name='Frequency' avg=':= 3 * 1 * nthrDragonstoneFreq * _default_'/>
                        <Replaces block='minecraft:netherrack'/>
                    </StandardGen>
                
                </IfCondition>
                <!-- End  Vanilla distribution of Dragonstone -->
                
                <!-- End Dragonstone Generation --> 

                
                <!-- Begin Illumenite Generation --> 
                
                <!-- Begin Layered Veins distribution of Illumenite -->
                <IfCondition condition=':= nthrIllumeniteDist = "layeredVeins"'>
                
                    <Veins name='nthrIllumeniteBaseVeins' block='netherrocks:illumenite_ore' inherits='PresetLayeredVeins'>
                        <Description>
                            Small, fairly rare motherlodes with 2-4 horizontal veins each.
                        </Description>
                        <DrawWireframe>:=drawWireframes</DrawWireframe>
                        <WireframeColor>0x60FCFEB0</WireframeColor>
                        <Setting name='MotherlodeSize' avg=':= 3 * 1 * nthrIllumeniteSize * _default_' range=':= 3 * 1 * nthrIllumeniteSize * _default_'/>
                        <Setting name='MotherlodeHeight' avg=':= 120' range=':= 120' type='uniform' scaleTo='SeaLevel'/> 
                        <Setting name='SegmentRadius' avg=':= 3 * 1 * nthrIllumeniteSize * _default_' range=':= 3 * 1 * nthrIllumeniteSize * _default_'/>
                        <Setting name='OreDensity' avg=':= 1 * 1 * _default_' range=':= _default_'/>
                        <Setting name='MotherlodeFrequency' avg=':= 3 * 1 * nthrIllumeniteFreq * _default_'/>
                        <Replaces block='minecraft:netherrack'/>
                    </Veins>
                
                </IfCondition>
                <!-- End Layered Veins distribution of Illumenite -->
                
                
                <!-- Begin  Huge Veins distribution of Illumenite -->
                <IfCondition condition=':= nthrIllumeniteDist = "hugeVeins"'>
                
                    <Veins name='nthrIllumeniteBaseVeins' block='netherrocks:illumenite_ore' inherits='PresetHugeVeins'>
                        <Description>
                            Very large, extremely rare motherlodes.  Each motherlode has many long slender branches - so thin that
                            parts of the branch won't contain any ore at all.  This, combined with the incredible length of the
                            branches, makes them more challenging to follow underground.  Once found, however, a motherlode contains
                            enough ore to keep a player supplied for a very long time.
                            The rarity of these veins might be too frustrating in a single-player setting.  In SMP, though, teamwork 
                            could make finding them much easier and the motherlodes are big enough to supply several people without
                            shortage.  This might be a good way to add challenge to multiplayer worlds.
                            Credit: based on feedback by dyrewulf from the MC forums.
                        </Description>
                        <DrawWireframe>:=drawWireframes</DrawWireframe>
                        <WireframeColor>0x60FCFEB0</WireframeColor>
                        <Setting name='MotherlodeSize' avg=':= 3 * 1 * nthrIllumeniteSize * _default_' range=':= 3 * 1 * nthrIllumeniteSize * _default_'/>
                        <Setting name='MotherlodeHeight' avg=':= 120' range=':= 120' type='uniform' scaleTo='SeaLevel' /> 
                        <Setting name='SegmentRadius' avg=':= 3 * 1 * nthrIllumeniteSize * _default_' range=':= 3 * 1 * nthrIllumeniteSize * _default_'/>
                        <Setting name='OreDensity' avg=':= 1 * 1 * _default_' range=':= _default_'/>
                        <Setting name='MotherlodeFrequency' avg=':= 3 * 1 * nthrIllumeniteFreq * _default_'/>
                        <Replaces block='minecraft:netherrack'/>
                    </Veins>
                
                </IfCondition>
                <!-- End  Huge Veins distribution of Illumenite -->
                
                
                <!-- Begin  Strategic Cloud distribution of Illumenite -->
                <IfCondition condition=':= nthrIllumeniteDist = "strategicCloud"'>
                
                    <Cloud name='nthrIllumeniteBaseCloud' block='netherrocks:illumenite_ore' inherits='PresetStrategicCloud'>
                        <Description>
                            Large irregular clouds filled lightly with ore.  These are huge, spanning several 
                            adjacent chunks, and consequently rather rare.  They contain a sizeable amount of 
                            ore, but it takes some time and effort to mine due to low density.
                            The intent for strategic clouds is that the player will need to actively search for
                            one and then set up a semi-permanent mining base and spend some time actually mining
                            the ore.
                        </Description>
                        <DrawWireframe>:=drawWireframes</DrawWireframe>
                        <WireframeColor>0x60FCFEB0</WireframeColor>
                        <Setting name='CloudRadius' avg=':= 3 * 1 * nthrIllumeniteSize * _default_' range=':= 3 * 1 * nthrIllumeniteSize * _default_'/>
                        <Setting name='CloudThickness' avg=':= 3 * 1 * nthrIllumeniteSize * _default_' range=':= 3 * 1 * nthrIllumeniteSize * _default_'/>
                        <Setting name='CloudHeight' avg=':= 120' range=':= 120' type='uniform' scaleTo='SeaLevel'/>
                        <Setting name='OreDensity' avg=':= 1 * 1 * _default_' range=':= _default_'/>
                        <Setting name='CloudThickness' avg=':= 3 * 1 * 1 * nthrIllumeniteSize * _default_' range=':= 3 * 1 * 1 * nthrIllumeniteSize  * _default_'/>
                        <Setting name='DistributionFrequency' avg=':= 3 * 1 * nthrIllumeniteFreq *_default_'/>
                        <Replaces block='minecraft:netherrack'/>
                        
                        <!-- Begin Illumenite Strategic Cloud Hint Veins -->
                        <Veins name='nthrIllumeniteBaseHintVeins' block='netherrocks:illumenite_ore' inherits='PresetHintVeins'>
                            <Description>
                                Single blocks, generously scattered through all heights (density is about that of vanilla iron ore). 
                                They will replace dirt and sandstone (but not grass or sand), so they can be found nearer  
                                to the surface than most ores.  Intened to be used as a child distribution for large, rare strategic  
                                deposits that would otherwise be very difficult to find. 
                            </Description>
                            <DrawWireframe>:=drawWireframes</DrawWireframe>
                            <WireframeColor>0x60FCFEB0</WireframeColor>
                            <Replaces block='minecraft:dirt'/>
                            <Replaces block='minecraft:sandstone'/>
                            <Replaces block='minecraft:netherrack'/>
                        </Veins>
                        <!-- End Illumenite Strategic Cloud Hint Veins -->

                    </Cloud>
                
                </IfCondition>
                <!-- End  Strategic Cloud distribution of Illumenite -->
                
                
                <!-- Begin  Vanilla distribution of Illumenite -->
                <IfCondition condition=':= nthrIllumeniteDist = "vanillaStdGen"'>
                
                    <StandardGen name='nthrIllumeniteBaseStandard' block='netherrocks:illumenite_ore' inherits='PresetStandardGen'>
                        <Description>
                            This mimics vanilla ore generation.
                        </Description>
                        <DrawWireframe>:=drawWireframes</DrawWireframe>
                        <WireframeColor>0x60FCFEB0</WireframeColor>
                        <Setting name='Size' avg=':= 3 * 1 * nthrIllumeniteSize * _default_'/>
                        <Setting name='Height' avg=':= 120' range=':= 120' type='uniform'/> 
                        <Setting name='Frequency' avg=':= 3 * 1 * nthrIllumeniteFreq * _default_'/>
                        <Replaces block='minecraft:netherrack'/>
                    </StandardGen>
                
                </IfCondition>
                <!-- End  Vanilla distribution of Illumenite -->
                
                <!-- End Illumenite Generation --> 

                
                <!-- Begin Fyrite Generation --> 
                
                <!-- Begin Layered Veins distribution of Fyrite -->
                <IfCondition condition=':= nthrFyriteDist = "layeredVeins"'>
                
                    <Veins name='nthrFyriteBaseVeins' block='netherrocks:fyrite_ore' inherits='PresetLayeredVeins'>
                        <Description>
                            Small, fairly rare motherlodes with 2-4 horizontal veins each.
                        </Description>
                        <DrawWireframe>:=drawWireframes</DrawWireframe>
                        <WireframeColor>0x60BF0000</WireframeColor>
                        <Setting name='MotherlodeSize' avg=':= 3 * 1 * nthrFyriteSize * _default_' range=':= 3 * 1 * nthrFyriteSize * _default_'/>
                        <Setting name='MotherlodeHeight' avg=':= 120' range=':= 120' type='uniform' scaleTo='SeaLevel'/> 
                        <Setting name='SegmentRadius' avg=':= 3 * 1 * nthrFyriteSize * _default_' range=':= 3 * 1 * nthrFyriteSize * _default_'/>
                        <Setting name='OreDensity' avg=':= 1 * 1 * _default_' range=':= _default_'/>
                        <Setting name='MotherlodeFrequency' avg=':= 3 * 1 * nthrFyriteFreq * _default_'/>
                        <Replaces block='minecraft:netherrack'/>
                    </Veins>
                
                </IfCondition>
                <!-- End Layered Veins distribution of Fyrite -->
                
                
                <!-- Begin  Huge Veins distribution of Fyrite -->
                <IfCondition condition=':= nthrFyriteDist = "hugeVeins"'>
                
                    <Veins name='nthrFyriteBaseVeins' block='netherrocks:fyrite_ore' inherits='PresetHugeVeins'>
                        <Description>
                            Very large, extremely rare motherlodes.  Each motherlode has many long slender branches - so thin that
                            parts of the branch won't contain any ore at all.  This, combined with the incredible length of the
                            branches, makes them more challenging to follow underground.  Once found, however, a motherlode contains
                            enough ore to keep a player supplied for a very long time.
                            The rarity of these veins might be too frustrating in a single-player setting.  In SMP, though, teamwork 
                            could make finding them much easier and the motherlodes are big enough to supply several people without
                            shortage.  This might be a good way to add challenge to multiplayer worlds.
                            Credit: based on feedback by dyrewulf from the MC forums.
                        </Description>
                        <DrawWireframe>:=drawWireframes</DrawWireframe>
                        <WireframeColor>0x60BF0000</WireframeColor>
                        <Setting name='MotherlodeSize' avg=':= 3 * 1 * nthrFyriteSize * _default_' range=':= 3 * 1 * nthrFyriteSize * _default_'/>
                        <Setting name='MotherlodeHeight' avg=':= 120' range=':= 120' type='uniform' scaleTo='SeaLevel' /> 
                        <Setting name='SegmentRadius' avg=':= 3 * 1 * nthrFyriteSize * _default_' range=':= 3 * 1 * nthrFyriteSize * _default_'/>
                        <Setting name='OreDensity' avg=':= 1 * 1 * _default_' range=':= _default_'/>
                        <Setting name='MotherlodeFrequency' avg=':= 3 * 1 * nthrFyriteFreq * _default_'/>
                        <Replaces block='minecraft:netherrack'/>
                    </Veins>
                
                </IfCondition>
                <!-- End  Huge Veins distribution of Fyrite -->
                
                
                <!-- Begin  Strategic Cloud distribution of Fyrite -->
                <IfCondition condition=':= nthrFyriteDist = "strategicCloud"'>
                
                    <Cloud name='nthrFyriteBaseCloud' block='netherrocks:fyrite_ore' inherits='PresetStrategicCloud'>
                        <Description>
                            Large irregular clouds filled lightly with ore.  These are huge, spanning several 
                            adjacent chunks, and consequently rather rare.  They contain a sizeable amount of 
                            ore, but it takes some time and effort to mine due to low density.
                            The intent for strategic clouds is that the player will need to actively search for
                            one and then set up a semi-permanent mining base and spend some time actually mining
                            the ore.
                        </Description>
                        <DrawWireframe>:=drawWireframes</DrawWireframe>
                        <WireframeColor>0x60BF0000</WireframeColor>
                        <Setting name='CloudRadius' avg=':= 3 * 1 * nthrFyriteSize * _default_' range=':= 3 * 1 * nthrFyriteSize * _default_'/>
                        <Setting name='CloudThickness' avg=':= 3 * 1 * nthrFyriteSize * _default_' range=':= 3 * 1 * nthrFyriteSize * _default_'/>
                        <Setting name='CloudHeight' avg=':= 120' range=':= 120' type='uniform' scaleTo='SeaLevel'/>
                        <Setting name='OreDensity' avg=':= 1 * 1 * _default_' range=':= _default_'/>
                        <Setting name='CloudThickness' avg=':= 3 * 1 * 1 * nthrFyriteSize * _default_' range=':= 3 * 1 * 1 * nthrFyriteSize  * _default_'/>
                        <Setting name='DistributionFrequency' avg=':= 3 * 1 * nthrFyriteFreq *_default_'/>
                        <Replaces block='minecraft:netherrack'/>
                        
                        <!-- Begin Fyrite Strategic Cloud Hint Veins -->
                        <Veins name='nthrFyriteBaseHintVeins' block='netherrocks:fyrite_ore' inherits='PresetHintVeins'>
                            <Description>
                                Single blocks, generously scattered through all heights (density is about that of vanilla iron ore). 
                                They will replace dirt and sandstone (but not grass or sand), so they can be found nearer  
                                to the surface than most ores.  Intened to be used as a child distribution for large, rare strategic  
                                deposits that would otherwise be very difficult to find. 
                            </Description>
                            <DrawWireframe>:=drawWireframes</DrawWireframe>
                            <WireframeColor>0x60BF0000</WireframeColor>
                            <Replaces block='minecraft:dirt'/>
                            <Replaces block='minecraft:sandstone'/>
                            <Replaces block='minecraft:netherrack'/>
                        </Veins>
                        <!-- End Fyrite Strategic Cloud Hint Veins -->

                    </Cloud>
                
                </IfCondition>
                <!-- End  Strategic Cloud distribution of Fyrite -->
                
                
                <!-- Begin  Vanilla distribution of Fyrite -->
                <IfCondition condition=':= nthrFyriteDist = "vanillaStdGen"'>
                
                    <StandardGen name='nthrFyriteBaseStandard' block='netherrocks:fyrite_ore' inherits='PresetStandardGen'>
                        <Description>
                            This mimics vanilla ore generation.
                        </Description>
                        <DrawWireframe>:=drawWireframes</DrawWireframe>
                        <WireframeColor>0x60BF0000</WireframeColor>
                        <Setting name='Size' avg=':= 3 * 1 * nthrFyriteSize * _default_'/>
                        <Setting name='Height' avg=':= 120' range=':= 120' type='uniform'/> 
                        <Setting name='Frequency' avg=':= 3 * 1 * nthrFyriteFreq * _default_'/>
                        <Replaces block='minecraft:netherrack'/>
                    </StandardGen>
                
                </IfCondition>
                <!-- End  Vanilla distribution of Fyrite -->
                
                <!-- End Fyrite Generation --> 

                
                <!-- Begin Ashtone Generation --> 
                
                <!-- Begin Layered Veins distribution of Ashtone -->
                <IfCondition condition=':= nthrAshtoneDist = "layeredVeins"'>
                
                    <Veins name='nthrAshtoneBaseVeins' block='netherrocks:ashstone_ore' inherits='PresetLayeredVeins'>
                        <Description>
                            Small, fairly rare motherlodes with 2-4 horizontal veins each.
                        </Description>
                        <DrawWireframe>:=drawWireframes</DrawWireframe>
                        <WireframeColor>0x603F3F60</WireframeColor>
                        <Setting name='MotherlodeSize' avg=':= 3 * 1 * nthrAshtoneSize * _default_' range=':= 3 * 1 * nthrAshtoneSize * _default_'/>
                        <Setting name='MotherlodeHeight' avg=':= 120' range=':= 120' type='uniform' scaleTo='SeaLevel'/> 
                        <Setting name='SegmentRadius' avg=':= 3 * 1 * nthrAshtoneSize * _default_' range=':= 3 * 1 * nthrAshtoneSize * _default_'/>
                        <Setting name='OreDensity' avg=':= 1 * 1 * _default_' range=':= _default_'/>
                        <Setting name='MotherlodeFrequency' avg=':= 3 * 1 * nthrAshtoneFreq * _default_'/>
                        <Replaces block='minecraft:netherrack'/>
                    </Veins>
                
                </IfCondition>
                <!-- End Layered Veins distribution of Ashtone -->
                
                
                <!-- Begin  Huge Veins distribution of Ashtone -->
                <IfCondition condition=':= nthrAshtoneDist = "hugeVeins"'>
                
                    <Veins name='nthrAshtoneBaseVeins' block='netherrocks:ashstone_ore' inherits='PresetHugeVeins'>
                        <Description>
                            Very large, extremely rare motherlodes.  Each motherlode has many long slender branches - so thin that
                            parts of the branch won't contain any ore at all.  This, combined with the incredible length of the
                            branches, makes them more challenging to follow underground.  Once found, however, a motherlode contains
                            enough ore to keep a player supplied for a very long time.
                            The rarity of these veins might be too frustrating in a single-player setting.  In SMP, though, teamwork 
                            could make finding them much easier and the motherlodes are big enough to supply several people without
                            shortage.  This might be a good way to add challenge to multiplayer worlds.
                            Credit: based on feedback by dyrewulf from the MC forums.
                        </Description>
                        <DrawWireframe>:=drawWireframes</DrawWireframe>
                        <WireframeColor>0x603F3F60</WireframeColor>
                        <Setting name='MotherlodeSize' avg=':= 3 * 1 * nthrAshtoneSize * _default_' range=':= 3 * 1 * nthrAshtoneSize * _default_'/>
                        <Setting name='MotherlodeHeight' avg=':= 120' range=':= 120' type='uniform' scaleTo='SeaLevel' /> 
                        <Setting name='SegmentRadius' avg=':= 3 * 1 * nthrAshtoneSize * _default_' range=':= 3 * 1 * nthrAshtoneSize * _default_'/>
                        <Setting name='OreDensity' avg=':= 1 * 1 * _default_' range=':= _default_'/>
                        <Setting name='MotherlodeFrequency' avg=':= 3 * 1 * nthrAshtoneFreq * _default_'/>
                        <Replaces block='minecraft:netherrack'/>
                    </Veins>
                
                </IfCondition>
                <!-- End  Huge Veins distribution of Ashtone -->
                
                
                <!-- Begin  Strategic Cloud distribution of Ashtone -->
                <IfCondition condition=':= nthrAshtoneDist = "strategicCloud"'>
                
                    <Cloud name='nthrAshtoneBaseCloud' block='netherrocks:ashstone_ore' inherits='PresetStrategicCloud'>
                        <Description>
                            Large irregular clouds filled lightly with ore.  These are huge, spanning several 
                            adjacent chunks, and consequently rather rare.  They contain a sizeable amount of 
                            ore, but it takes some time and effort to mine due to low density.
                            The intent for strategic clouds is that the player will need to actively search for
                            one and then set up a semi-permanent mining base and spend some time actually mining
                            the ore.
                        </Description>
                        <DrawWireframe>:=drawWireframes</DrawWireframe>
                        <WireframeColor>0x603F3F60</WireframeColor>
                        <Setting name='CloudRadius' avg=':= 3 * 1 * nthrAshtoneSize * _default_' range=':= 3 * 1 * nthrAshtoneSize * _default_'/>
                        <Setting name='CloudThickness' avg=':= 3 * 1 * nthrAshtoneSize * _default_' range=':= 3 * 1 * nthrAshtoneSize * _default_'/>
                        <Setting name='CloudHeight' avg=':= 120' range=':= 120' type='uniform' scaleTo='SeaLevel'/>
                        <Setting name='OreDensity' avg=':= 1 * 1 * _default_' range=':= _default_'/>
                        <Setting name='CloudThickness' avg=':= 3 * 1 * 1 * nthrAshtoneSize * _default_' range=':= 3 * 1 * 1 * nthrAshtoneSize  * _default_'/>
                        <Setting name='DistributionFrequency' avg=':= 3 * 1 * nthrAshtoneFreq *_default_'/>
                        <Replaces block='minecraft:netherrack'/>
                        
                        <!-- Begin Ashtone Strategic Cloud Hint Veins -->
                        <Veins name='nthrAshtoneBaseHintVeins' block='netherrocks:ashstone_ore' inherits='PresetHintVeins'>
                            <Description>
                                Single blocks, generously scattered through all heights (density is about that of vanilla iron ore). 
                                They will replace dirt and sandstone (but not grass or sand), so they can be found nearer  
                                to the surface than most ores.  Intened to be used as a child distribution for large, rare strategic  
                                deposits that would otherwise be very difficult to find. 
                            </Description>
                            <DrawWireframe>:=drawWireframes</DrawWireframe>
                            <WireframeColor>0x603F3F60</WireframeColor>
                            <Replaces block='minecraft:dirt'/>
                            <Replaces block='minecraft:sandstone'/>
                            <Replaces block='minecraft:netherrack'/>
                        </Veins>
                        <!-- End Ashtone Strategic Cloud Hint Veins -->

                    </Cloud>
                
                </IfCondition>
                <!-- End  Strategic Cloud distribution of Ashtone -->
                
                
                <!-- Begin  Vanilla distribution of Ashtone -->
                <IfCondition condition=':= nthrAshtoneDist = "vanillaStdGen"'>
                
                    <StandardGen name='nthrAshtoneBaseStandard' block='netherrocks:ashstone_ore' inherits='PresetStandardGen'>
                        <Description>
                            This mimics vanilla ore generation.
                        </Description>
                        <DrawWireframe>:=drawWireframes</DrawWireframe>
                        <WireframeColor>0x603F3F60</WireframeColor>
                        <Setting name='Size' avg=':= 3 * 1 * nthrAshtoneSize * _default_'/>
                        <Setting name='Height' avg=':= 120' range=':= 120' type='uniform'/> 
                        <Setting name='Frequency' avg=':= 3 * 1 * nthrAshtoneFreq * _default_'/>
                        <Replaces block='minecraft:netherrack'/>
                    </StandardGen>
                
                </IfCondition>
                <!-- End  Vanilla distribution of Ashtone -->
                
                <!-- End Ashtone Generation --> 

                
                <!-- Begin Argonite Generation --> 
                
                <!-- Begin Layered Veins distribution of Argonite -->
                <IfCondition condition=':= nthrArgoniteDist = "layeredVeins"'>
                
                    <Veins name='nthrArgoniteBaseVeins' block='netherrocks:argonite_ore' inherits='PresetLayeredVeins'>
                        <Description>
                            Small, fairly rare motherlodes with 2-4 horizontal veins each.
                        </Description>
                        <DrawWireframe>:=drawWireframes</DrawWireframe>
                        <WireframeColor>0x600F0035</WireframeColor>
                        <Setting name='MotherlodeSize' avg=':= 3 * 1 * nthrArgoniteSize * _default_' range=':= 3 * 1 * nthrArgoniteSize * _default_'/>
                        <Setting name='MotherlodeHeight' avg=':= 120' range=':= 120' type='uniform' scaleTo='SeaLevel'/> 
                        <Setting name='SegmentRadius' avg=':= 3 * 1 * nthrArgoniteSize * _default_' range=':= 3 * 1 * nthrArgoniteSize * _default_'/>
                        <Setting name='OreDensity' avg=':= 1 * 1 * _default_' range=':= _default_'/>
                        <Setting name='MotherlodeFrequency' avg=':= 3 * 1 * nthrArgoniteFreq * _default_'/>
                        <Replaces block='minecraft:netherrack'/>
                    </Veins>
                
                </IfCondition>
                <!-- End Layered Veins distribution of Argonite -->
                
                
                <!-- Begin  Huge Veins distribution of Argonite -->
                <IfCondition condition=':= nthrArgoniteDist = "hugeVeins"'>
                
                    <Veins name='nthrArgoniteBaseVeins' block='netherrocks:argonite_ore' inherits='PresetHugeVeins'>
                        <Description>
                            Very large, extremely rare motherlodes.  Each motherlode has many long slender branches - so thin that
                            parts of the branch won't contain any ore at all.  This, combined with the incredible length of the
                            branches, makes them more challenging to follow underground.  Once found, however, a motherlode contains
                            enough ore to keep a player supplied for a very long time.
                            The rarity of these veins might be too frustrating in a single-player setting.  In SMP, though, teamwork 
                            could make finding them much easier and the motherlodes are big enough to supply several people without
                            shortage.  This might be a good way to add challenge to multiplayer worlds.
                            Credit: based on feedback by dyrewulf from the MC forums.
                        </Description>
                        <DrawWireframe>:=drawWireframes</DrawWireframe>
                        <WireframeColor>0x600F0035</WireframeColor>
                        <Setting name='MotherlodeSize' avg=':= 3 * 1 * nthrArgoniteSize * _default_' range=':= 3 * 1 * nthrArgoniteSize * _default_'/>
                        <Setting name='MotherlodeHeight' avg=':= 120' range=':= 120' type='uniform' scaleTo='SeaLevel' /> 
                        <Setting name='SegmentRadius' avg=':= 3 * 1 * nthrArgoniteSize * _default_' range=':= 3 * 1 * nthrArgoniteSize * _default_'/>
                        <Setting name='OreDensity' avg=':= 1 * 1 * _default_' range=':= _default_'/>
                        <Setting name='MotherlodeFrequency' avg=':= 3 * 1 * nthrArgoniteFreq * _default_'/>
                        <Replaces block='minecraft:netherrack'/>
                    </Veins>
                
                </IfCondition>
                <!-- End  Huge Veins distribution of Argonite -->
                
                
                <!-- Begin  Strategic Cloud distribution of Argonite -->
                <IfCondition condition=':= nthrArgoniteDist = "strategicCloud"'>
                
                    <Cloud name='nthrArgoniteBaseCloud' block='netherrocks:argonite_ore' inherits='PresetStrategicCloud'>
                        <Description>
                            Large irregular clouds filled lightly with ore.  These are huge, spanning several 
                            adjacent chunks, and consequently rather rare.  They contain a sizeable amount of 
                            ore, but it takes some time and effort to mine due to low density.
                            The intent for strategic clouds is that the player will need to actively search for
                            one and then set up a semi-permanent mining base and spend some time actually mining
                            the ore.
                        </Description>
                        <DrawWireframe>:=drawWireframes</DrawWireframe>
                        <WireframeColor>0x600F0035</WireframeColor>
                        <Setting name='CloudRadius' avg=':= 3 * 1 * nthrArgoniteSize * _default_' range=':= 3 * 1 * nthrArgoniteSize * _default_'/>
                        <Setting name='CloudThickness' avg=':= 3 * 1 * nthrArgoniteSize * _default_' range=':= 3 * 1 * nthrArgoniteSize * _default_'/>
                        <Setting name='CloudHeight' avg=':= 120' range=':= 120' type='uniform' scaleTo='SeaLevel'/>
                        <Setting name='OreDensity' avg=':= 1 * 1 * _default_' range=':= _default_'/>
                        <Setting name='CloudThickness' avg=':= 3 * 1 * 1 * nthrArgoniteSize * _default_' range=':= 3 * 1 * 1 * nthrArgoniteSize  * _default_'/>
                        <Setting name='DistributionFrequency' avg=':= 3 * 1 * nthrArgoniteFreq *_default_'/>
                        <Replaces block='minecraft:netherrack'/>
                        
                        <!-- Begin Argonite Strategic Cloud Hint Veins -->
                        <Veins name='nthrArgoniteBaseHintVeins' block='netherrocks:argonite_ore' inherits='PresetHintVeins'>
                            <Description>
                                Single blocks, generously scattered through all heights (density is about that of vanilla iron ore). 
                                They will replace dirt and sandstone (but not grass or sand), so they can be found nearer  
                                to the surface than most ores.  Intened to be used as a child distribution for large, rare strategic  
                                deposits that would otherwise be very difficult to find. 
                            </Description>
                            <DrawWireframe>:=drawWireframes</DrawWireframe>
                            <WireframeColor>0x600F0035</WireframeColor>
                            <Replaces block='minecraft:dirt'/>
                            <Replaces block='minecraft:sandstone'/>
                            <Replaces block='minecraft:netherrack'/>
                        </Veins>
                        <!-- End Argonite Strategic Cloud Hint Veins -->

                    </Cloud>
                
                </IfCondition>
                <!-- End  Strategic Cloud distribution of Argonite -->
                
                
                <!-- Begin  Vanilla distribution of Argonite -->
                <IfCondition condition=':= nthrArgoniteDist = "vanillaStdGen"'>
                
                    <StandardGen name='nthrArgoniteBaseStandard' block='netherrocks:argonite_ore' inherits='PresetStandardGen'>
                        <Description>
                            This mimics vanilla ore generation.
                        </Description>
                        <DrawWireframe>:=drawWireframes</DrawWireframe>
                        <WireframeColor>0x600F0035</WireframeColor>
                        <Setting name='Size' avg=':= 3 * 1 * nthrArgoniteSize * _default_'/>
                        <Setting name='Height' avg=':= 120' range=':= 120' type='uniform'/> 
                        <Setting name='Frequency' avg=':= 3 * 1 * nthrArgoniteFreq * _default_'/>
                        <Replaces block='minecraft:netherrack'/>
                    </StandardGen>
                
                </IfCondition>
                <!-- End  Vanilla distribution of Argonite -->
                
                <!-- End Argonite Generation --> 

                <!-- Done adding ores -->
            
            </IfCondition>
            <!-- Nether Setup Complete -->

        
        </ConfigSection>
        <!-- Configuration for Custom Ore Generation Complete! -->
    
    </IfModInstalled> 
 


<!-- This file was made using the Sprocket Configuration Generator. -->