<IfModInstalled name='beyondrealitycore'>

	  
<ConfigSection>
	
	<IfCondition condition=':= ?COGActive'>
	
	<Substitute name='OreSubstitute' block='minecraft:stone'>
	
	<Description> 
		Replaces all generated ore clusters with stone.   
	</Description>
	
	<Comment>  
		Clearing all ore spawn.
	</Comment>
			<ReplacesOre block='sfartifacts:sfartifacts_blockOreVibranium' />
			<ReplacesOre block='sfartifacts:sfartifacts_blockOreAsgardite' />
		</Substitute>
	</IfCondition>
</ConfigSection>
		
		
<ConfigSection>
		
	<BiomeSet name='Mountain'>
        <Biome name='alps'/> <!-- BOP -->
        <Biome name='highlands'/> <!-- BOP -->
        <Biome name='crag'/> <!-- BOP -->
        <Biome name='ice mountains'/>
		<Biome name='Extreme\s*Hills'/>
		<Biome name='Extreme\s*Hills\s*Edge'/>
	</BiomeSet>
</ConfigSection>
     
	  
<ConfigSection>
	  
	  <!-- Sparse presets -->
	<StandardGenPreset name='SparseStone'>
		<Setting name='Size' avg='1' range='0' />
		<ReplacesOre block='blockLimestone' />
		<ReplacesOre block='blockMarble' />
		<ReplacesOre block='marble' />
		<ReplacesOre block='stone' />
		<ReplacesOre block='stoneBasalt' />
		<ReplacesOre block='stoneMarble' />
	</StandardGenPreset>
	
    <StandardGenPreset name='SparseNetherrack'>
       <Setting name='Size' avg='1' range='0' />
       <ReplacesOre block='stoneNetherrack' />
	</StandardGenPreset>
	
    <StandardGenPreset name='SparseEndstone'>
		<Setting name='Size' avg='1' range='0' />
		<ReplacesOre block='stoneEndstone' />	
	</StandardGenPreset>
	
</ConfigSection>
    
<ConfigSection>
	
        <!-- Large presets -->
		 
        <CloudPreset name='Large'>
            <Setting name='CloudSizeNoise' avg='0.1' range='0' />
            <Setting name='CloudInclination' avg='0' range='0.35' />
            <Setting name='OreVolumeNoiseCutoff' avg='0' range='0' />
            <Setting name='OreRadiusMult' avg='1' range='0.1' />
        </CloudPreset>
		
        <CloudPreset name='LargeStone' inherits='Large'>
			<ReplacesOre block='stone' />
            <ReplacesOre block='stoneBasalt' />    
            <Replaces block='bluepower:marble' />
			<Replaces block='minecraft:gravel'/>
            <Replaces block='minecraft:sandstone'/>
        </CloudPreset>
		
        <CloudPreset name='LargeNetherrack' inherits='Large'>
            <ReplacesOre block='stoneNetherrack' />
        </CloudPreset>
		
        <CloudPreset name='LargeEndstone' inherits='Large'>
            <ReplacesOre block='stoneEndstone' />
        </CloudPreset>
		
		<!--HugeVeins-->
		
	<VeinsPreset name='HugeVeins' branchType='Bezier'>       
		<Setting name='MotherlodeRangeLimit' avg='32' range='32' type='normal'/>
        <Setting name='BranchFrequency' avg='8' range='4'/>
        <Setting name='BranchInclination' avg='0.7' range='0.85'/>
        <Setting name='BranchLength' avg='300' range='50' type='normal'/>
        <Setting name='BranchHeightLimit' avg='20'/>
        <Setting name='SegmentForkFrequency' avg='0.02'/>
        <Setting name='SegmentForkLengthMult' avg='0.5' range='0.25'/>
        <Setting name='SegmentLength' avg='30' range='6' />
        <Setting name='SegmentAngle' avg='0.30' range='0.30'/>
        <Setting name='SegmentRadius' avg='0.025' range='0.2'/>
        <Setting name='OreRadiusMult' avg='1' range='0.25'/>
        <ReplacesOre block='stone' />
        <ReplacesOre block='stoneBasalt' />
        <Replaces block='bluepower:marble' />
		<Replaces block='minecraft:gravel'/>
        <Replaces block='minecraft:sandstone'/>
        <Biome name='.*'/>
	</VeinsPreset>
    
</ConfigSection>
				
<ConfigSection>
	
	<IfCondition condition=':= ?COGActive'>

		<!-- ~~~~~~~~~~~~~~~~~~~~~~~~~~~~~~~~~~~~~~~~~~~~~~~~Iron Ore~~~~~~~~~~~~~~~~~~~~~~~~~~~~~~~~~~~~~~~~~~~~~~~~~~~~~ -->	
	<StandardGen name='Sparse Iron' inherits='SparseStone'>
		<OreBlock block='beyondrealitycore:tinyoreIron' />
		<Setting name='Frequency' avg='18' range='8' scaleTo='biome' />
		<Setting name='Height' avg='45' range='30' scaleTo='biome' />
	</StandardGen>			
			
		<!-- ~~~~~~~~~~~~~~~~~~~~~~~~~~~~~~~~~~~~~~~~~~~~~~~~Gold Ore~~~~~~~~~~~~~~~~~~~~~~~~~~~~~~~~~~~~~~~~~~~~~~~~~~~~~ -->	
	<StandardGen name='Sparse Gold' inherits='SparseStone'>
		<OreBlock block='beyondrealitycore:tinyoreGold' />
		<Setting name='Frequency' avg='8' range='8' scaleTo='biome' />
		<Setting name='Height' avg='20' range='30' scaleTo='biome' />
	</StandardGen>	
			
			<!-- ~~~~~~~~~~~~~~~~~~~~~~~~~~~~~~~~~~~~~~~~~~~~~~~~Diamond Ore~~~~~~~~~~~~~~~~~~~~~~~~~~~~~~~~~~~~~~~~~~~~~~~~~~~~~ -->
	<StandardGen name='Sparse Diamond' inherits='SparseStone'>
		<OreBlock block='beyondrealitycore:tinyoreDiamond'/>
		<Setting name='Frequency' avg='3' range='8' scaleTo='biome' />
		<Setting name='Height' avg='18' range='4' scaleTo='biome' />
	</StandardGen>
			
			<!-- ~~~~~~~~~~~~~~~~~~~~~~~~~~~~~~~~~~~~~~~~~~~~~~~~Emerald Ore~~~~~~~~~~~~~~~~~~~~~~~~~~~~~~~~~~~~~~~~~~~~~~~~~~~~~ -->		
	<StandardGen name='Sparse Emerald' inherits='SparseStone'>
		<OreBlock block='beyondrealitycore:tinyoreEmerald' />
		<Setting name='Frequency' avg='2' range='8' scaleTo='biome' />
		<Setting name='Height' avg='50' range='10' scaleTo='biome' />
	</StandardGen>

			<!-- ~~~~~~~~~~~~~~~~~~~~~~~~~~~~~~~~~~~~~~~~~~~~~~~~RedStone Ore~~~~~~~~~~~~~~~~~~~~~~~~~~~~~~~~~~~~~~~~~~~~~~~~~~~~~ -->
	<StandardGen name='Sparse RedStone' inherits='SparseStone'>
		<OreBlock block='beyondrealitycore:tinyoreRedstone' />
		<Setting name='Frequency' avg='16' range='4' scaleTo='biome' />
		<Setting name='Height' avg='20' range='26' scaleTo='biome' />
	</StandardGen>
			
			<!-- ~~~~~~~~~~~~~~~~~~~~~~~~~~~~~~~~~~~~~~~~~~~~~~~~Lapis Ore~~~~~~~~~~~~~~~~~~~~~~~~~~~~~~~~~~~~~~~~~~~~~~~~~~~~~ -->
	<StandardGen name='Sparse Lapis' inherits='SparseStone'>
		<OreBlock block='beyondrealitycore:tinyoreLapis' />
		<Setting name='Frequency' avg='13' range='4' scaleTo='biome' />
		<Setting name='Height' avg='13' range='4' scaleTo='biome' />
		</StandardGen>
			
			<!-- ~~~~~~~~~~~~~~~~~~~~~~~~~~~~~~~~~~~~~~~~~~~~~~~~Coal Ore~~~~~~~~~~~~~~~~~~~~~~~~~~~~~~~~~~~~~~~~~~~~~~~~~~~~~ -->
	<StandardGen name='Sparse Coal' inherits='SparseStone'>
		<OreBlock block='minecraft:coal_ore' />
		<Setting name='Frequency' avg='30' range='8' scaleTo='biome' />
		<Setting name='Height' avg='55' range='25' scaleTo='biome' />
	</StandardGen>

             <!-- ~~~~~~~~~~~~~~~~~~~~~~~~~~~~~~~~~~~~~~~~~~~~~~~~Copper Ore~~~~~~~~~~~~~~~~~~~~~~~~~~~~~~~~~~~~~~~~~~~~~~~~~~~~~ -->
	<StandardGen name='Sparse Copper' inherits='SparseStone'>
		<OreBlock block='beyondrealitycore:tinyoreCopper' />	
		<Setting name='Frequency' avg='22' range='8' scaleTo='biome' />
		<Setting name='Height' avg='58' range='10' scaleTo='biome' />
	</StandardGen>
			
			<!-- ~~~~~~~~~~~~~~~~~~~~~~~~~~~~~~~~~~~~~~~~~~~~~~~~Tin Ore~~~~~~~~~~~~~~~~~~~~~~~~~~~~~~~~~~~~~~~~~~~~~~~~~~~~~ -->
	<StandardGen name='Sparse Tin' inherits='SparseStone'>
		<OreBlock block='beyondrealitycore:tinyoreTin' />	
		<Setting name='Frequency' avg='20' range='8' scaleTo='biome' />
		<Setting name='Height' avg='65' range='10' scaleTo='biome' />
	</StandardGen>
			
		    <!-- ~~~~~~~~~~~~~~~~~~~~~~~~~~~~~~~~~~~~~~~~~~~~~~~~Lead Ore~~~~~~~~~~~~~~~~~~~~~~~~~~~~~~~~~~~~~~~~~~~~~~~~~~~~~ -->
	<StandardGen name='Sparse Lead' inherits='SparseStone'>
		<OreBlock block='beyondrealitycore:tinyoreLead' />	
		<Setting name='Frequency' avg='16' range='8' scaleTo='biome' />
		<Setting name='Height' avg='26' range='3' scaleTo='biome' />
	</StandardGen>
			
			<!-- ~~~~~~~~~~~~~~~~~~~~~~~~~~~~~~~~~~~~~~~~~~~~~~~~Silver Ore~~~~~~~~~~~~~~~~~~~~~~~~~~~~~~~~~~~~~~~~~~~~~~~~~~~~~ -->
	<StandardGen name='Sparse Silver' inherits='SparseStone'>
		<OreBlock block='beyondrealitycore:tinyoreSilver' />	
		<Setting name='Frequency' avg='10' range='8' scaleTo='biome' />
		<Setting name='Height' avg='35' range='5' scaleTo='biome' />
	</StandardGen>
			
			<!-- ~~~~~~~~~~~~~~~~~~~~~~~~~~~~~~~~~~~~~~~~~~~~~~~~Nickel Ore~~~~~~~~~~~~~~~~~~~~~~~~~~~~~~~~~~~~~~~~~~~~~~~~~~~~~ -->
	<StandardGen name='Sparse Nickel' inherits='SparseStone'>
		<OreBlock block='beyondrealitycore:tinyoreNickel' />	
		<Setting name='Frequency' avg='11' range='5' scaleTo='biome' />
		<Setting name='Height' avg='20' range='30' scaleTo='biome' />
	</StandardGen>
			
			<!-- ~~~~~~~~~~~~~~~~~~~~~~~~~~~~~~~~~~~~~~~~~~~~~~~~Aluminium Ore~~~~~~~~~~~~~~~~~~~~~~~~~~~~~~~~~~~~~~~~~~~~~~~~~~~~~ -->	

	<StandardGen name='Sparse Aluminium' inherits='SparseStone'>
		<OreBlock block='beyondrealitycore:tinyoreAluminium' />	
		<Setting name='Frequency' avg='10' range='8' scaleTo='biome' />
		<Setting name='Height' avg='38' range='15' scaleTo='biome' />
	</StandardGen>
	
	<StandardGen name='Sparse Aluminium' inherits='SparseStone'>
		<OreBlock block='beyondrealitycore:tinyoreAluminium' />	
		<Setting name='Frequency' avg='10' range='8' scaleTo='biome' />
		<Setting name='Height' avg='28' range='5' scaleTo='biome' />
	</StandardGen>

			<!-- ~~~~~~~~~~~~~~~~~~~~~~~~~~~~~~~~~~~~~~~~~~~~~~~~Mana Infused Ore~~~~~~~~~~~~~~~~~~~~~~~~~~~~~~~~~~~~~~~~~~~~~~~~~~~~~ -->
	
	<Veins name='ManaInfused' block='ThermalFoundation:Ore:6' inherits='PresetSmallDeposits'>
                        <DrawWireframe>:=drawWireframes</DrawWireframe>
                        <WireframeColor>0x60EBD6E9</WireframeColor>
                        <Setting name='MotherlodeHeight' avg='23' range='10.5' type='normal' scaleTo='SeaLevel' /> 
                        <Setting name='MotherlodeSize' avg='1' range='1' />
                        <Setting name='OreDensity' avg='1' range='1' />
                        <Setting name='MotherlodeFrequency' avg='0.008' />
                        <ReplacesOre block='stone' />
                    </Veins>
					
	<Veins name='ManaInfused1' block='ThermalFoundation:Ore:6' inherits='PresetSmallDeposits'>
                        <Setting name='MotherlodeHeight' avg='30' range='5.5' type='normal' scaleTo='SeaLevel' /> 
                        <Setting name='MotherlodeSize' avg='1' range='1' />
                        <Setting name='OreDensity' avg='1' range='1' />
                        <Setting name='MotherlodeFrequency' avg='2.5' />
                        <ReplacesOre block='stone' />
						 <Description>
                            Spawns 3 more times in preferred biomes.
                        </Description>
                        <BiomeType name='Magical'/>
                    </Veins>				

    <StandardGen name='Mana Infused Ore1' inherits='SparseStone'>
		<OreBlock block='ThermalFoundation:Ore:6' />	
		<Setting name='Frequency' avg='4' range='3' scaleTo='biome' />
		<Setting name='Height' avg='16' range='3' scaleTo='biome' />
	</StandardGen>
	<StandardGen name='Mana Infused Ore1' inherits='SparseStone'>
		<OreBlock block='ThermalFoundation:Ore:6' />	
		<Setting name='Frequency' avg='3' range='3' scaleTo='biome' />
		<Setting name='Height' avg='24' range='3' scaleTo='biome' />
	</StandardGen>
	<StandardGen name='Mana Infused Ore2' inherits='SparseStone'>
		<OreBlock block='ThermalFoundation:Ore:6' />	
		<Setting name='Frequency' avg='4' range='1' scaleTo='biome' />
		<Setting name='Height' avg='8' range='3' scaleTo='biome' />
	</StandardGen>
	
	<!-- ~~~~~~~~~~~~~~~~~~~~~~~~~~~~~~~~~~~~~~~~~~~~~~~~Asgardite Ore~~~~~~~~~~~~~~~~~~~~~~~~~~~~~~~~~~~~~~~~~~~~~~~~~~~~~ -->

	<Veins name='Asgardite' block='sfartifacts:sfartifacts_blockOreAsgardite' inherits='PresetSmallDeposits'>
                        <DrawWireframe>:=drawWireframes</DrawWireframe>
                        <WireframeColor>0x60EBD6E9</WireframeColor>
                        <Setting name='MotherlodeHeight' avg='23' range='10.5' type='normal' scaleTo='SeaLevel' /> 
                        <Setting name='MotherlodeSize' avg='1' range='1' />
                        <Setting name='OreDensity' avg='1' range='1' />
                        <Setting name='MotherlodeFrequency' avg='0.002' />
                        <ReplacesOre block='stone' />
                    </Veins>
	
    <StandardGen name='Asgardite Ore1' inherits='SparseStone'>
		<OreBlock block='sfartifacts:sfartifacts_blockOreAsgardite' />	
		<Setting name='Frequency' avg='2' range='3' scaleTo='biome' />
		<Setting name='Height' avg='16' range='3' scaleTo='biome' />
	</StandardGen>
	<StandardGen name='Asgardite Ore2' inherits='SparseStone'>
		<OreBlock block='sfartifacts:sfartifacts_blockOreAsgardite' />	
		<Setting name='Frequency' avg='1' range='1' scaleTo='biome' />
		<Setting name='Height' avg='8' range='3' scaleTo='biome' />
	</StandardGen>
	
	<!-- ~~~~~~~~~~~~~~~~~~~~~~~~~~~~~~~~~~~~~~~~~~~~~~~~OreVibranium~~~~~~~~~~~~~~~~~~~~~~~~~~~~~~~~~~~~~~~~~~~~~~~~~~~~~ 
	<Veins name='OreVibranium' block='sfartifacts:sfartifacts_blockOreVibranium' inherits='PresetSmallDeposits'>
                        <DrawWireframe>:=drawWireframes</DrawWireframe>
                        <WireframeColor>0x60EBD6E9</WireframeColor>
                        <Setting name='MotherlodeHeight' avg='30' range='6' type='normal' scaleTo='SeaLevel' /> 
                        <Setting name='MotherlodeSize' avg='1' range='1' />
                        <Setting name='OreDensity' avg='1' range='1' />
                        <Setting name='MotherlodeFrequency' avg='0.002' />
                        <ReplacesOre block='stone' />
                    </Veins>
					
	<StandardGen name='OreVibranium1' inherits='SparseStone'>
		<OreBlock block='sfartifacts:sfartifacts_blockOreVibranium' />	
		<Setting name='Frequency' avg='1' range='1' scaleTo='biome' />
		<Setting name='Height' avg='28' range='3' scaleTo='biome' />
	</StandardGen> -->
	
	
	<!-- ~~~~~~~~~~~~~~~~~~~~~~~~~~~~~~~~~~~~~~~~~~~~~~~~Certus Quartz Ore~~~~~~~~~~~~~~~~~~~~~~~~~~~~~~~~~~~~~~~~~~~~~~~~~~~~~ -->
	
	<Veins name='clusterQuartz' block='appliedenergistics2:tile.OreQuartz' inherits='PresetSmallDeposits'>
                        <DrawWireframe>:=drawWireframes</DrawWireframe>
                        <WireframeColor>0x60EBD6E9</WireframeColor>
                        <Setting name='MotherlodeHeight' avg='40' range='6' type='normal' scaleTo='SeaLevel' /> 
                        <Setting name='MotherlodeSize' avg='1' range='1' />
                        <Setting name='OreDensity' avg='1' range='1' />
                        <Setting name='MotherlodeFrequency' avg='0.005' />
                        <ReplacesOre block='stone' />
                    </Veins>
	
	<Veins name='apenQuartzBaseVeins' block='appliedenergistics2:tile.OreQuartz' inherits='PresetLayeredVeins'>
                        <DrawWireframe>:=drawWireframes</DrawWireframe>
                        <WireframeColor>0x60EBD6E9</WireframeColor>
                        <Setting name='MotherlodeSize' avg='0.5' range='1'/>
                        <Setting name='MotherlodeHeight' avg='43' range='10.5' type='normal' scaleTo='SeaLevel'/> 
                        <Setting name='SegmentRadius' avg='1' range='1' />
                        <Setting name='OreDensity' avg='1' range='1' />
                        <Setting name='MotherlodeFrequency' avg='0.002'/>
                        <Setting name='BranchHeightLimit' avg='10.5'/>
                        <ReplacesOre block='stone' />
                    </Veins>
                    
                    <!-- Preferred Biome Distribution (Quartz Layered Veins) -->
                    <Veins name='apenQuartzPrefersVeins' block='appliedenergistics2:tile.OreQuartz' inherits='apenQuartzBaseVeins'>
                        <Description>
                            Spawns 2 more times in preferred biomes.
                        </Description>
                        <DrawWireframe>:=drawWireframes</DrawWireframe>
                        <WireframeColor>0x60EBD6E9</WireframeColor>
                        <Setting name='MotherlodeFrequency' avg='0.004' />
                        <BiomeType name='Desert'/>
						<BiomeType name='Wasteland'/>
						<BiomeType name='Plains'/>
                    </Veins>
					
					<!--Charged-->
					 <Veins name='apenChargedQuartzBaseVeins' block='appliedenergistics2:tile.OreQuartzCharged' inherits='PresetSmallDeposits'>
                        <DrawWireframe>:=drawWireframes</DrawWireframe>
                        <WireframeColor>0x60EBD6E9</WireframeColor>
                        <Setting name='MotherlodeHeight' avg='43' range='10.5' type='normal' scaleTo='SeaLevel' /> 
                        <Setting name='MotherlodeSize' avg='1' range='1' />
                        <Setting name='OreDensity' avg='1' range='1' />
                        <Setting name='MotherlodeFrequency' avg='0.001' />
                        <ReplacesOre block='stone' />
                    </Veins>
					
		             <!-- ~~~~~~~~~~~~~~~~~~~~~~~~~~~~~  Limestone ~~~~~~~~~~~~~~~~~~~~~~~~~~~~~~~~~~~~~~ -->
		
					 <Veins name='Limestone' block='TSteelworks:Limestone' inherits='PresetLayeredVeins'>
                        <Description>
                            Small, fairly rare motherlodes with 2-4 horizontal veins each.
                        </Description>
                        <DrawWireframe>:=drawWireframes</DrawWireframe>
                        <WireframeColor>0x60CD3AC4</WireframeColor>
                        <Setting name='MotherlodeSize' avg='1' range='1'/>
                        <Setting name='MotherlodeHeight' avg='128' range='128' type='uniform' scaleTo='SeaLevel'/> 
                        <Setting name='SegmentRadius' avg='1' range='1' />
                        <Setting name='OreDensity' avg='1' range='1' />
                        <Setting name='MotherlodeFrequency' avg='0.003'/>
                        <ReplacesOre block='stone' />
                    </Veins>
                    
                    <!-- Preferred Biome Distribution -->
                    <Veins name='LimestonePrefersVeins' block='TSteelworks:Limestone' inherits='Limestone'>
                        <Description>
                            Spawns 2 more times in preferred biomes.
                        </Description>
                        <DrawWireframe>:=drawWireframes</DrawWireframe>
                        <WireframeColor>0x60CD3AC4</WireframeColor>
                        <Setting name='MotherlodeFrequency' avg='0.008'/>
                        <BiomeType name='swamp'/>
                    </Veins>
					
					<!-- ~~~~~~~~~~~~~~~~~~~~~~~~~~~~~~~~Tungsten ~~~~~~~~~~~~~~~~~~~~~~~~~~~~~~~~~~~~ -->
					
					<Veins name='Tungsten' block='Magneticraft:tungsten_ore' inherits='PresetLayeredVeins'>
                        <Description>
                            Small, fairly rare motherlodes with 2-4 horizontal veins each.
                        </Description>
                        <DrawWireframe>:=drawWireframes</DrawWireframe>
                        <WireframeColor>0x60FFE25C</WireframeColor>
                        <Setting name='MotherlodeSize' avg='0.7' range='1'/>
                        <Setting name='MotherlodeHeight' avg='14' range='4' type='uniform' scaleTo='SeaLevel'/> 
                        <Setting name='SegmentRadius' avg='0.7' range='1' />
                        <Setting name='OreDensity' avg='0.5' range='1' />
                        <Setting name='MotherlodeFrequency' avg='0.002'/>
                        <ReplacesOre block='stone' />
                    </Veins>
                    
                    <!-- Preferred Biome Distribution -->
                    <Veins name='TungstenPrefersVeins' block='Magneticraft:tungsten_ore' inherits='Tungsten'>
                        <Description>
                            Spawns 2 more times in preferred biomes.
                        </Description>
                        <DrawWireframe>:=drawWireframes</DrawWireframe>
                        <WireframeColor>0x60CD3AC4</WireframeColor>
                        <Setting name='MotherlodeFrequency' avg='0.004'/>
                        <BiomeType name='Mountain'/>
						<BiomeType name='Wasteland'/>
                    </Veins>
		
		
					<!-- ~~~~~~~~~~~~~~~~~~~~~~~~~~~~~~~~Thorium ~~~~~~~~~~~~~~~~~~~~~~~~~~~~~~~~~~~~ -->
					
					<Veins name='Thorium' block='Magneticraft:thorium_ore' inherits='PresetLayeredVeins'>
                        <Description>
                            Small, fairly rare motherlodes with 2-4 horizontal veins each.
                        </Description>
                        <DrawWireframe>:=drawWireframes</DrawWireframe>
                        <WireframeColor>0x60FFE25C</WireframeColor>
                        <Setting name='MotherlodeSize' avg='0.5' range='1'/>
                        <Setting name='MotherlodeHeight' avg='14' range='4' type='uniform' scaleTo='SeaLevel'/> 
                        <Setting name='SegmentRadius' avg='0.6' range='1' />
                        <Setting name='OreDensity' avg='0.7' range='1' />
                        <Setting name='MotherlodeFrequency' avg='0.002'/>
                        <ReplacesOre block='stone' />
                    </Veins>
                    
                    <!-- Preferred Biome Distribution -->
                    <Veins name='ThoriumPrefersVeins' block='Magneticraft:thorium_ore' inherits='Tungsten'>
                        <Description>
                            Spawns 2 more times in preferred biomes.
                        </Description>
                        <DrawWireframe>:=drawWireframes</DrawWireframe>
                        <WireframeColor>0x60CD3AC4</WireframeColor>
                        <Setting name='MotherlodeFrequency' avg='0.004'/>
                        <BiomeType name='Desert'/>
						<BiomeType name='Wasteland'/>
                    </Veins>
					
</IfCondition>		

		</ConfigSection>
			
			</IfModInstalled>