<!--*********************  CustomOreGen Harder Extra Ores Module ******************************
*ADSF
*   This file contains Presets, Options, and Distributions for the 6 additioanl ores:
*       Copper, Tin, Lead, Uranium, Silver, and Nickel.
*
*   This file does not regenerate.  If you wish to revert to the default,
*   delete or rename this file.
*
***********************************************************************************************-->
<IfModInstalled name='HarderOres'>
<ConfigSection>

    <!--***************************   Options + Symbols   ***********************************
    *
    *   Below are options and symbols for each ore, similar to those for the standard ores.
    *
    *************************************************************************************-->
    <ConfigSection>                
    
        <OptionDisplayGroup name='groupHardExtras' displayName='Extra Harder Ores' displayState='shown'>
            <Description> 
                Distribution options for copper, tin, lead, uranium, silver, and nickel (ferrous).  These will override any settings from other tabs related to these ores.
            </Description>
        </OptionDisplayGroup>
		<OptionChoice name='forceExtraOres' default='true' displayState='shown_dynamic' displayGroup='groupHardExtras'>
            <Description> 
                Forces the other ores (copper, tin, lead, uranium, silver, and nickel) to spawn even if IC2, ThermalFoundation, or Metallurgy is not installed.
				Note: these ores may not be usable, but will be placed into the world.
            </Description>
            <DisplayName>Forced Spawn</DisplayName>
            <Choice value='true' displayValue='On'/>
            <Choice value='false' displayValue='Off'/>
        </OptionChoice>
		
        <!--*******************   Copper   *********************-->
        <ConfigSection>
			
            <OptionChoice name='hic2CopperDist' displayGroup='groupHardExtras'>
                <Description> Controls how Copper is generated </Description>
                <DisplayName>Copper Type</DisplayName>
                <Default>:= if(?forceExtraOres|blockExists("oreCopper")|isModInstalled("ThermalFoundation"),"layeredVeins","disabled")</Default>
            	<DisplayState>:= if(?forceExtraOres|blockExists("oreCopper")|isModInstalled("ThermalFoundation"),"shown","hidden")</DisplayState>
                <Choice value='layeredVeins' displayValue='Veins'>
                    <Description> 
                        Groups of long narrow veins found about one third of the way down to bedrock.  Especially common in jungles.  
                    </Description>
                </Choice>
                <Choice value='vanillaStdGen' displayValue='Clusters'>
                    <Description>
                        Small clusters of ore scattered about one third of the way down to bedrock.  This is the default IC2 copper generation.
                    </Description>
                </Choice>
                <Choice value='none' displayValue='None' description='No copper is generated at all.'/>
                <Choice value='disabled' displayValue='Disabled' description='No copper is generated, and no copper symbols are available in Mystcraft ages.'/>
            </OptionChoice>
            
            <OptionNumeric name='hic2CopperFreq' default='1'  min='0' max='5'
                           displayState=':= if(?advOptions &amp; hic2CopperDist != "disabled","shown","hidden")'
                           displayGroup='groupHardExtras'>
                <Description> Frequency multiplier for Copper distributions </Description>
                <DisplayName>Copper Freq.</DisplayName>
            </OptionNumeric>
            
            <OptionNumeric name='hic2CopperSize' default='1'  min='0' max='5' displayState=':= if(?advOptions &amp; hic2CopperDist != "disabled","shown","hidden")' displayGroup='groupHardExtras'>
                <Description> Size multiplier for Copper distributions </Description>
                <DisplayName>Copper Size</DisplayName>
            </OptionNumeric>
       
        </ConfigSection>           
        
        <!--********************   Tin   ***********************-->
        <ConfigSection>
            
            <OptionChoice name='hic2TinDist' displayGroup='groupHardExtras'>
                <Description> Controls how Tin is generated </Description>
                <DisplayName>Tin Type</DisplayName>
                <Default>:= if(?forceExtraOres|blockExists("oreTin")|isModInstalled("ThermalFoundation"),"strategicClouds","disabled")</Default>
            	<DisplayState>:= if(?forceExtraOres|blockExists("oreTin")|isModInstalled("ThermalFoundation"),"shown","hidden")</DisplayState>
                <Choice value='layeredVeins' displayValue='Veins'>
                    <Description>
                        Groups of long narrow veins found about halfway down to bedrock.  More frequent in flat grassy plains.
                    </Description>
                </Choice>
                <Choice value='strategicClouds' displayValue='Clouds'>
                    <Description>
                        Rare, sparsely populated clouds of ore extending over several chunks.  Found only in flat grassy plains.
                    </Description>
                </Choice>
                <Choice value='vanillaStdGen' displayValue='Clusters'>
                    <Description>
                        Small clusters of ore scattered from bedrock about two thirds of the way to the surface.  This is the default IC2 tin generation.
                    </Description>
                </Choice>
                <Choice value='none' displayValue='None' description='No tin is generated at all.'/>
                <Choice value='disabled' displayValue='Disabled' description='No tin is generated, and no tin symbols are available in Mystcraft ages.'/>
            </OptionChoice>
            
            <OptionNumeric name='hic2TinFreq' default='1'  min='0' max='5' displayState=':= if(?advOptions &amp; hic2TinDist != "disabled","shown","hidden")' displayGroup='groupHardExtras'>
                <Description> Frequency multiplier for Tin distributions </Description>
                <DisplayName>Tin Freq.</DisplayName>
            </OptionNumeric>
            
            <OptionNumeric name='hic2TinSize' default='1'  min='0' max='5' displayState=':= if(?advOptions &amp; hic2TinDist != "disabled","shown","hidden")' displayGroup='groupHardExtras'>
                <Description> Size multiplier for Tin distributions </Description>
                <DisplayName>Tin Size</DisplayName>
            </OptionNumeric>

        </ConfigSection>           
        
        <!--******************   Uranium   *********************-->
        <ConfigSection>
        
            <OptionChoice name='hic2UraniumDist' displayGroup='groupHardExtras'>
                <Description> Controls how Uranium is generated </Description>
                <DisplayName>Uranium Type</DisplayName>
                <Default>:= if(?forceExtraOres|blockExists("oreUranium")|blockExists("orePitchblende"),"layeredVeins","disabled")</Default>
            	<DisplayState>:= if(?forceExtraOres|blockExists("oreUranium")|blockExists("orePitchblende"),"shown","hidden")</DisplayState>
                <Choice value='layeredVeins' displayValue='Veins'>
                    <Description>
                        Isolated veins found about two thirds of the way down to bedrock and only sparsely filled with ore.  Unusually common in devestated wastelands.
                    </Description>
                </Choice>
                <Choice value='strategicClouds' displayValue='Clouds'>
                    <Description>
                        Rare, sparsely populated clouds of ore extending over one or two chunks.  Can be found anywhere, but most common in devestated wastelands.
                    </Description>
                </Choice>
                <Choice value='vanillaStdGen' displayValue='Clusters'>
                    <Description>
                        Small evenly scattered clusters of ore.  This is the default IC2 uranium generation.
                    </Description>
                </Choice>
                <Choice value='none' displayValue='None' description='No uranium is generated at all.'/>
                <Choice value='disabled' displayValue='Disabled' description='No uranium is generated, and no uranium symbols are available in Mystcraft ages.'/>
            </OptionChoice>
            
            <OptionNumeric name='hic2UraniumFreq' default='1'  min='0' max='5' displayState=':= if(?advOptions &amp; hic2UraniumDist != "disabled","shown","hidden")' displayGroup='groupHardExtras'>
                <Description> Frequency multiplier for Uranium distributions </Description>
                <DisplayName>Uranium Freq.</DisplayName>
            </OptionNumeric>
            
            <OptionNumeric name='hic2UraniumSize' default='1'  min='0' max='5' displayState=':= if(?advOptions &amp; hic2UraniumDist != "disabled","shown","hidden")' displayGroup='groupHardExtras'>
                <Description> Size multiplier for Uranium distributions </Description>
                <DisplayName>Uranium Size</DisplayName>
            </OptionNumeric>
            
        </ConfigSection>

        <!--*******************   Lead   *********************-->
        <ConfigSection>
            
            <OptionChoice name='hic2LeadDist' displayGroup='groupHardExtras'>
                <Description> Controls how Lead is generated </Description>
                <DisplayName>Lead Type</DisplayName>
                <Default>:= if(?forceExtraOres|blockExists("oreLead")|isModInstalled("ThermalFoundation"),"layeredVeins","disabled")</Default>
            	<DisplayState>:= if(?forceExtraOres|blockExists("oreLead")|isModInstalled("ThermalFoundation"),"shown","hidden")</DisplayState>
                <Choice value='layeredVeins' displayValue='Veins'>
                    <Description>
                        Groups of long narrow veins found about one third of the way down to bedrock.  Especially common in jungles.
                    </Description>
                </Choice>
                <Choice value='strategicClouds' displayValue='Clouds'>
                    <Description>
                        Rare, sparsely populated clouds of ore extending over several chunks.  Found only in jungles.
                    </Description>
                </Choice>
                <Choice value='vanillaStdGen' displayValue='Clusters'>
                    <Description>
                        Small clusters of ore scattered about one third of the way down to bedrock.  This is the default IC2 lead generation.
                    </Description>
                </Choice>
                <Choice value='none' displayValue='None' description='No lead is generated at all.'/>
                <Choice value='disabled' displayValue='Disabled' description='No lead is generated, and no lead symbols are available in Mystcraft ages.'/>
            </OptionChoice>
            
            <OptionNumeric name='hic2LeadFreq' default='1'  min='0' max='5' displayState=':= if(?advOptions &amp; hic2LeadDist != "disabled","shown","hidden")' displayGroup='groupHardExtras'>
                <Description> Frequency multiplier for Lead distributions </Description>
                <DisplayName>Lead Freq.</DisplayName>
            </OptionNumeric>
            
            <OptionNumeric name='hic2LeadSize' default='1'  min='0' max='5' displayState=':= if(?advOptions &amp; hic2LeadDist != "disabled","shown","hidden")' displayGroup='groupHardExtras'>
                <Description> Size multiplier for Lead distributions </Description>
                <DisplayName>Lead Size</DisplayName>
            </OptionNumeric>
       
        </ConfigSection>
		
		<!--******************   Silver   *********************-->
        <ConfigSection>
        
            <OptionChoice name='hardSilverDist' displayGroup='groupHardExtras'>
                <Description> Controls how Silver is generated </Description>
                <DisplayName>Silver Type</DisplayName>
                <Default>:= if(?forceExtraOres|blockExists("oreSilver")|isModInstalled("ThermalFoundation"),"layeredVeins","disabled")</Default>
            	<DisplayState>:= if(?forceExtraOres|blockExists("oreSilver")|isModInstalled("ThermalFoundation"),"shown","hidden")</DisplayState>
                <Choice value='layeredVeins' displayValue='Veins'>
                    <Description> 
                        Isolated veins found about two thirds of the way down to bedrock.  Unusually common in mountains.
                    </Description>
                </Choice>
                <Choice value='strategicClouds' displayValue='Clouds'>
                    <Description> 
                        Rare, sparsely populated clouds of ore
                        extending over one or two chunks.  Found only
                        in mountains.
                    </Description>
                </Choice>
                <Choice value='vanillaStdGen' displayValue='Clusters'>
                    <Description> 
                        Small evenly scattered clusters of ore.
                        This is the default silver generation.
                    </Description>
                </Choice>
                <Choice value='none' displayValue='None' description='No silver is generated at all.'/>
                <Choice value='disabled' displayValue='Disabled' description='No silver is generated, and no silver symbols are available in Mystcraft ages.'/>
            </OptionChoice>
            
            <OptionNumeric name='hardSilverFreq' default='1'  min='0' max='5' displayState=':= if(?advOptions &amp; hardSilverDist != "disabled","shown","hidden")' displayGroup='groupHardExtras'>
                <Description> Frequency multiplier for Silver distributions </Description>
                <DisplayName>Silver Freq.</DisplayName>
            </OptionNumeric>
            
            <OptionNumeric name='hardSilverSize' default='1'  min='0' max='5' displayState=':= if(?advOptions &amp; hardSilverDist != "disabled","shown","hidden")' displayGroup='groupHardExtras'>
                <Description> Size multiplier for Silver distributions </Description>
                <DisplayName>Silver Size</DisplayName>
            </OptionNumeric>
       
        </ConfigSection>
			
		<!--*******************   Nickel Ore   *********************-->
        <ConfigSection>
            
            <OptionChoice name='hardNickelDist' displayGroup='groupHardExtras'>
                <Description> Controls how Nickel Ore is generated </Description>
                <DisplayName>Nickel Ore Type</DisplayName>
                <Default>:= if(?forceExtraOres|blockExists("oreNickel")|blockExists("oreFerrous")|isModInstalled("ThermalFoundation"),"layeredVeins","disabled")</Default>
            	<DisplayState>:= if(?forceExtraOres|blockExists("oreNickel")|blockExists("oreFerrous")|isModInstalled("ThermalFoundation"),"shown","hidden")</DisplayState>
                <Choice value='layeredVeins' displayValue='Veins'>
                    <Description> 
                        Groups of long narrow veins found near bedrock.  Especially common in swamps.  
                    </Description>
                </Choice>
                <Choice value='strategicClouds' displayValue='Clouds'>
                    <Description> 
                        Rare, sparsely populated clouds of ore extending over several chunks.  Found only in swamps.
                    </Description>
                </Choice>
                <Choice value='vanillaStdGen' displayValue='Clusters'>
                    <Description> 
                        Small clusters of ore scattered near bedrock.  This is the default nickel ore generation.
                    </Description>
                </Choice>
                <Choice value='none' displayValue='None' description='No nickel ore is generated at all.'/>
                <Choice value='disabled' displayValue='Disabled' description='No nickel ore is generated, and no nickel ore symbols are available in Mystcraft ages.'/>
            </OptionChoice>
            
            <OptionNumeric name='hardNickelFreq' default='1'  min='0' max='5' displayState=':= if(?advOptions &amp; hardNickelDist != "disabled","shown","hidden")' displayGroup='groupHardExtras'>
                <Description> Frequency multiplier for Nickel Ore distributions </Description>
                <DisplayName>Nickel Ore Freq.</DisplayName>
            </OptionNumeric>
            
            <OptionNumeric name='hardNickelSize' default='1'  min='0' max='5' displayState=':= if(?advOptions &amp; hardNickelDist != "disabled","shown","hidden")' displayGroup='groupHardExtras'>
                <Description> Size multiplier for Nickel Ore distributions </Description>
                <DisplayName>Nickel Ore Size</DisplayName>
            </OptionNumeric>
       
        </ConfigSection>
			
		<!--*******************   Aluminum Ore   *********************-->
        <ConfigSection>
			<OptionChoice name='hardBauxiteDist' displayGroup='groupHardExtras'>
                <Default>:= if(?forceExtraOres|blockExists("oreAluminum"),"layeredVeins","disabled")</Default>
            	<DisplayState>:= if(?forceExtraOres|blockExists("oreAluminum"),"shown","hidden")</DisplayState>
                <Description>Controls how Bauxite (Aluminum) is generated </Description>
                <DisplayName>Bauxite Type</DisplayName>
                
                <Choice value='surfaceClouds' displayValue='Clouds'>
                    <Description> 
                        Flat Clouds found near the surface.  Only found in mesa, swamp, and jungle biomes.  Distribution is significantly more CPU intensive than others, if you typically experience slow chunk gen, use Veins.  
                    </Description>
                </Choice>
				<Choice value='layeredVeins' displayValue='Veins'>
                    <Description> 
                        Flat veins found near the surface.  Motherloads are found in mesa, swamp, and jungle biomes with veins stretching up to 200 blocks in every direction.
                    </Description>
                </Choice>
                <Choice value='none' displayValue='None' description='No bauxite is generated at all.'/>
                <Choice value='disabled' displayValue='Disabled' description='No Bauxite is generated, and no Bauxite symbols are available in Mystcraft ages.'/>
            </OptionChoice>
            
            <OptionNumeric name='hardBauxiteFreq' default='1'  min='0' max='5'
                           displayState=':= if(?advOptions &amp; hardBauxiteDist != "disabled","shown","hidden")'
                           displayGroup='groupHardExtras'>
                <Description> Frequency multiplier for Bauxite distributions </Description>
                <DisplayName>Bauxite Freq.</DisplayName>
            </OptionNumeric>
            
            <OptionNumeric name='hardBauxiteSize' default='1'  min='0' max='5' displayState=':= if(?advOptions &amp; hardBauxiteDist != "disabled","shown","hidden")' displayGroup='groupHardExtras'>
                <Description> Size multiplier for Bauxite distributions </Description>
                <DisplayName>Bauxite Size</DisplayName>
            </OptionNumeric>
		</ConfigSection>

     </ConfigSection>
   
    <!--*****************************   Distributions   *************************************
    *   
    *   Below are the actual distributions for the overworld and mystcraft ages.
    *
    *************************************************************************************-->
    <IfCondition condition=':= ?COGActive'>
        
        <!-- <Substitute name='HIC2Substitute' block='minecraft:stone'>
            <Description>
                Replace IC2-generated ore clusters with stone.
            </Description>
            <Comment>
                The global option deferredPopulationRange must be large enough to catch all ore clusters (>= 32).
            </Comment>
            <Replaces block='oreCopper'/> 
            <Replaces block='oreTin'/> 
            <Replaces block='oreUranium'/>
            <Replaces block='oreLead'/>
            <Replaces block='oreSilver'/>
            <Replaces block='oreNickel'/>
			<Replaces block='orePitchblende'/>
            <Replaces block='oreAluminum'/>
            <Replaces block='oreBauxite'/>
        </Substitute>  Disabled -->
        
        <!--*******************   Copper   *********************-->
        <ConfigSection>
        	<StandardGen name='TECopperStandard' inherits='PresetStandardGen' block='minecraft:stone'> 
				<Setting name='Frequency' avg='0' range='0'/>
			</StandardGen>
			<Veins name='TECopperVeins' inherits='PresetLayeredVeins' block='minecraft:stone'> 
				<Setting name='MotherlodeFrequency' avg='0' range='0'/>
			</Veins>
			<Cloud name='TECopperCloud' inherits='PresetStrategicCloud' block='minecraft:stone'> 
				<Setting name='DistributionFrequency' avg='0' range='0'/>
			</Cloud>
        	<StandardGen name='IC2CopperStandard' inherits='PresetStandardGen' block='minecraft:stone'> 
				<Setting name='Frequency' avg='0' range='0'/>
			</StandardGen>
			<Veins name='IC2CopperVeins' inherits='PresetLayeredVeins' block='minecraft:stone'> 
				<Setting name='MotherlodeFrequency' avg='0' range='0'/>
			</Veins>
			<Veins name='IC2CopperJungle' inherits='PresetLayeredVeins' block='minecraft:stone'> 
				<Setting name='MotherlodeFrequency' avg='0' range='0'/>
			</Veins>
			<Cloud name='IC2CopperCloud' inherits='PresetStrategicCloud' block='minecraft:stone'> 
				<Setting name='DistributionFrequency' avg='0' range='0'/>
			</Cloud>
        	<StandardGen name='copperStandard' inherits='PresetStandardGen' block='minecraft:stone'>
				<Setting name='Frequency' avg='0' range='0'/>
			</StandardGen>
			<Veins name='m3copperveins' inherits='PresetLayeredVeins' block='minecraft:stone'>
				<Setting name='MotherlodeFrequency' avg='0' range='0'/>
			</Veins>
			<Veins name='m3copperveinsElevated' inherits='PresetLayeredVeins' block='minecraft:stone'>
				<Setting name='MotherlodeFrequency' avg='0' range='0'/>
			</Veins>
			<Veins name='m3copperveinsCold' inherits='PresetLayeredVeins' block='minecraft:stone'>
				<Setting name='MotherlodeFrequency' avg='0' range='0'/>
			</Veins>
        	<Cloud name='copperCloud' inherits='PresetStrategicCloud' block='minecraft:stone'>
				<Setting name='DistributionFrequency' avg='0' range='0'/>
			</Cloud>
        	<StandardGen name='MekCopperStandard' inherits='PresetStandardGen' block='minecraft:stone'>
				<Setting name='Frequency' avg='0' range='0'/>
			</StandardGen>
			<Veins name='MekCopperVeins' inherits='PresetLayeredVeins' block='minecraft:stone'>
				<Setting name='MotherlodeFrequency' avg='0' range='0'/>
			</Veins>
			<Veins name='MekCopperVeinsJungle' inherits='PresetLayeredVeins' block='minecraft:stone'>
				<Setting name='MotherlodeFrequency' avg='0' range='0'/>
			</Veins>
        	<Cloud name='MekCopperCloud' inherits='PresetStrategicCloud' block='minecraft:stone'>
				<Setting name='DistributionFrequency' avg='0' range='0'/>
			</Cloud>
        	<StandardGen name='ForestryCopperStandard' inherits='PresetStandardGen' block='minecraft:stone'>
				<Setting name='Frequency' avg='0' range='0'/>
			</StandardGen>
			<Veins name='ForestryCopperVeins' inherits='PresetLayeredVeins' block='minecraft:stone'>
				<Setting name='MotherlodeFrequency' avg='0' range='0'/>
			</Veins>
			<Veins name='ForestryCopperVeinsJungle' inherits='PresetLayeredVeins' block='minecraft:stone'>
				<Setting name='MotherlodeFrequency' avg='0' range='0'/>
			</Veins>
        	<Cloud name='ForestryCopperCloud' inherits='PresetStrategicCloud' block='minecraft:stone'>
				<Setting name='DistributionFrequency' avg='0' range='0'/>
			</Cloud>
			<Veins name='mtlgCopperBaseVeins' inherits='PresetLayeredVeins' block='minecraft:stone'>
				<Setting name='MotherlodeFrequency' avg='0' range='0'/>
			</Veins>
			<Veins name='mtlgCopperPrefersVeins' inherits='PresetLayeredVeins' block='minecraft:stone'>
				<Setting name='MotherlodeFrequency' avg='0' range='0'/>
			</Veins>
			<Veins name='mtlgCopperBaseVeins' inherits='PresetLayeredVeins' block='minecraft:stone'>
				<Setting name='MotherlodeFrequency' avg='0' range='0'/>
			</Veins>
			<Veins name='mtlgCopperPrefersVeins' inherits='PresetLayeredVeins' block='minecraft:stone'>
				<Setting name='MotherlodeFrequency' avg='0' range='0'/>
			</Veins>
			<Cloud name='mtlgCopperBaseCloud' inherits='PresetStrategicCloud' block='minecraft:stone'>
				<Setting name='DistributionFrequency' avg='0' range='0'/>
			</Cloud>
			<StandardGen name='mtlgCopperBaseStandard' inherits='PresetStandardGen' block='minecraft:stone'>
				<Setting name='Frequency' avg='0' range='0'/>
			</StandardGen>
			<Veins name='thfoCopperBaseVeins' inherits='PresetLayeredVeins' block='minecraft:stone'>
				<Setting name='MotherlodeFrequency' avg='0' range='0'/>
			</Veins>
			<Veins name='thfoCopperPrefersVeins' inherits='PresetLayeredVeins' block='minecraft:stone'>
				<Setting name='MotherlodeFrequency' avg='0' range='0'/>
			</Veins>
			<Cloud name='thfoCopperBaseCloud' inherits='PresetStrategicCloud' block='minecraft:stone'>
				<Setting name='DistributionFrequency' avg='0' range='0'/>
			</Cloud>
			<StandardGen name='thfoCopperBaseStandard' inherits='PresetStandardGen' block='minecraft:stone'>
				<Setting name='Frequency' avg='0' range='0'/>
			</StandardGen>
            <IfCondition condition=':= if(age, age.ic2CopperClusters > 0, hic2CopperDist = "vanillaStdGen")'>
                <StandardGen name='HardIC2CopperStandard' block='HarderOres:ore_copper:9' inherits='PresetStandardGen'> 
                    <Description> Equivalent to regular IC2 copper distribution </Description>
                    <DrawWireframe>:=drawWireframes</DrawWireframe>
                    <WireframeColor>0x40773300</WireframeColor>
                    <Setting name='Size' avg=':= 1.25 * hic2CopperSize * _default_'/>
                    <Setting name='Frequency' avg=':= 0.75 * hic2CopperFreq * if(age,age.ic2CopperClusters,1) * _default_' 
                                                range=':= 4 * hic2CopperFreq * if(age,age.ic2CopperClusters,1)'/>
                    <Setting name='Height' avg=':= 40/64 * dimension.groundLevel' range=':= 10/64 * dimension.groundLevel' type='normal'/>
                </StandardGen>
            </IfCondition>
            
            <IfCondition condition=':= hic2CopperDist = "layeredVeins"'>
				<VeinsPreset name='CustomizedBigCopper' block='HarderOres:ore_copper:15' inherits='PresetHugeVeins'>
                    <Description> 
                        Copper spawns in the height 30-50 range.  The veins are average in length and size.
                        Changes:
                        1. This is a preset. This is for defining some stuff and changing some defaults.
                        2. Motherlode is created, along with "Extra thin" veins at 15.
                        3. Then "normal" veins at 11
                        4. Then "thicker" veins at 6.
                        5. Finally, "thickest" (fixed radius of 1.8)
                        .. Radius of 1.74-ish should be sufficient to guarantee no gaps even on diagonals.
                           going to use a slightly larger amount just in case there is a turn at
                           a diagonal gap. The "thickest" veins at 1 are supposed to be followable.
                        6. Base motherlode frequency is raised by a factor of 3. Seriously, before they
                           were 1/100th as common as normal veins; that's kinda crazy. To put it in
                           perspective: a given biome blob (256 blocks by 256 blocks, or 16 chunks
                           by 16 chunks, or 256 chunks on average) would expect less than one normal
                           vein (every 400 chunks); the base for this is every 40,000 chunks or about
                           every 125 biomes. This should be about every 40 biomes. Still crazy rare,
                           but no longer insane.
                    </Description> 
                    <DrawWireframe>:=drawWireframes</DrawWireframe>
                    <WireframeColor>0x20B87333</WireframeColor> 
                    <Setting name='MotherlodeFrequency' avg=':= 1 * hic2CopperFreq * _default_'/>
                    <Setting name='MotherlodeSize' avg=':= hic2CopperSize * _default_' range=':= hic2CopperSize * _default_'/>
                    <Setting name='MotherlodeHeight' avg=':= 40/64 * dimension.groundLevel' range=':= 10/64 * dimension.groundLevel' type='normal'/>
                    <Setting name='BranchHeightLimit' avg='30'/>
					<Setting name='BranchInclination' avg='-0.225' range='0.2' />
					<Setting name='SegmentAngle' avg='0' range='0.55' type='inverse' />
					<Setting name='SegmentPitch' avg='0.01' range='0.1' />
                    <Setting name='SegmentRadius' avg=':= hic2CopperSize * _default_' range=':= hic2CopperSize * _default_'/>
					<Setting name='SegmentForkFrequency' avg='0.35' range='0.05' />
                    <ReplacesOre block='stone'/>
                    <ReplacesOre block='ganyssurface:.*' weight='-1'/>
                    <Replaces block='minecraft:gravel'/>
                    <!--<Replaces block='minecraft:dirt'/>-->
					<Biome name='.*' weight='1' />
					<Biome name='.*Ocean.*' weight='-1' />
                </VeinsPreset>
                <Veins name='CopperVeins1' inherits='CustomizedBigCopper' block='HarderOres:ore_copper:0' >
                    <seed> 23893 </seed>
                    <Setting name='SegmentRadius' avg='0' range='0' />
                    <Setting name='MotherlodeSize' avg='0' range='0' />
            		<Setting name='BranchFrequency' avg='0' range='0'/>
					<Cloud name='CopperCloud' block='HarderOres:ore_copper:7' inherits='PresetStrategicCloud'>
						<DrawWireframe>:=drawWireframes</DrawWireframe>
						<WireframeColor>0x20B87333</WireframeColor>
						<Setting name='CloudInclination' avg='1.5207' range='0.05' />
						<Setting name='CloudHeight' avg=':= 32/64 * dimension.groundLevel' range='4' />
						<Setting name='ParentRangeLimit' avg='48' range='6' />
						<Setting name='CloudSizeNoise' avg='0.3' range='0.025' />
						<Setting name='DistributionFrequency' avg='0.4' range='0'/>
						<Setting name='CloudRadius' avg=':= 12 * hic2CopperSize' range='2'/>
						<Setting name='CloudThickness' avg='2.0' range='0.3'/>
						<Setting name='OreDensity' avg='0.75'/>
						<Cloud name='CopperCloudCore' block='HarderOres:ore_copper:15' inherits='PresetStrategicCloud'>
							<DrawWireframe>:=drawWireframes</DrawWireframe>
							<WireframeColor>0x20B87333</WireframeColor>
							<Setting name='CloudInclination' avg='1.5207' range='0.05' />
							<Setting name='CloudHeight' avg=':= 32/64 * dimension.groundLevel' range='8' />
							<Setting name='ParentRangeLimit' avg='3' range='1' />
							<Setting name='CloudSizeNoise' avg='0.1' range='0.025' />
							<Setting name='DistributionFrequency' avg='2' range='0'/>
							<Setting name='CloudRadius' avg=':= 2.5 * hic2CopperSize' range='0'/>
							<Setting name='CloudThickness' avg='2' range='0.15'/>
							<Setting name='OreDensity' avg='1'/>
						</Cloud>
					</Cloud>
                </Veins>
				
				
				<Veins name='CopperVeins4' inherits='CustomizedBigCopper' block='HarderOres:ore_copper:0' >
                    <seed> 23893 </seed> <!-- Arbitrary; keep consistent -->
                    <Setting name='SegmentRadius' avg='0.8 ' range='0' />
                    <Setting name='MotherlodeSize' avg='0' range='0' />
                    <Setting name='BranchLength' avg=':= 1.5 * _default_ ' />
                </Veins>
            </IfCondition>
        </ConfigSection>
        
        <!--********************   Tin   ***********************-->
        <ConfigSection>
        	<StandardGen name='TETinStandard' inherits='PresetStandardGen' block='minecraft:stone'> 
				<Setting name='Frequency' avg='0' range='0'/>
			</StandardGen>
			<Veins name='TETinVeins' inherits='PresetLayeredVeins' block='minecraft:stone'>
				<Setting name='MotherlodeFrequency' avg='0' range='0'/>
			</Veins>
			<Veins name='TETinVeinsPlains' inherits='TETinVeins'>
				<Setting name='MotherlodeFrequency' avg='0' range='0'/>
			</Veins>
			<Cloud name='TETinCloud' inherits='PresetStrategicCloud' block='minecraft:stone'> 
				<Setting name='DistributionFrequency' avg='0' range='0'/>
			</Cloud>
        	<StandardGen name='IC2TinStandard' inherits='PresetStandardGen' block='minecraft:stone'> 
				<Setting name='Frequency' avg='0' range='0'/>
			</StandardGen>
			<Veins name='IC2TinVeins' inherits='PresetLayeredVeins' block='minecraft:stone'> 
				<Setting name='MotherlodeFrequency' avg='0' range='0'/>
			</Veins>
			<Veins name='IC2TinVeinsPlains' inherits='PresetLayeredVeins' block='minecraft:stone'> 
				<Setting name='MotherlodeFrequency' avg='0' range='0'/>
			</Veins>
			<Cloud name='IC2TinCloud' inherits='PresetStrategicCloud' block='minecraft:stone'> 
				<Setting name='DistributionFrequency' avg='0' range='0'/>
			</Cloud>
        	<StandardGen name='tinStandard' inherits='PresetStandardGen' block='minecraft:stone'>
				<Setting name='Frequency' avg='0' range='0'/>
			</StandardGen>
			<Veins name='m3tinVeins' inherits='PresetLayeredVeins' block='minecraft:stone'>
				<Setting name='MotherlodeFrequency' avg='0' range='0'/>
			</Veins>
			<Veins name='m3tinVeinsElevated' inherits='PresetLayeredVeins' block='minecraft:stone'>
				<Setting name='MotherlodeFrequency' avg='0' range='0'/>
			</Veins>
			<Veins name='m3tinVeinsCold' inherits='PresetLayeredVeins' block='minecraft:stone'>
				<Setting name='MotherlodeFrequency' avg='0' range='0'/>
			</Veins>
        	<Cloud name='tinCloud' inherits='PresetStrategicCloud' block='minecraft:stone'>
				<Setting name='DistributionFrequency' avg='0' range='0'/>
			</Cloud>
        	<StandardGen name='MekTinStandard' inherits='PresetStandardGen' block='minecraft:stone'>
				<Setting name='Frequency' avg='0' range='0'/>
			</StandardGen>
			<Veins name='MekTinVeins' inherits='PresetLayeredVeins' block='minecraft:stone'>
				<Setting name='MotherlodeFrequency' avg='0' range='0'/>
			</Veins>
			<Veins name='MekTinVeinsPlains' inherits='PresetLayeredVeins' block='minecraft:stone'>
				<Setting name='MotherlodeFrequency' avg='0' range='0'/>
			</Veins>
        	<Cloud name='MekTinCloud' inherits='PresetStrategicCloud' block='minecraft:stone'>
				<Setting name='DistributionFrequency' avg='0' range='0'/>
			</Cloud>
        	<StandardGen name='ForestryTinStandard' inherits='PresetStandardGen' block='minecraft:stone'>
				<Setting name='Frequency' avg='0' range='0'/>
			</StandardGen>
			<Veins name='mtlgTinBaseVeins' inherits='PresetLayeredVeins' block='minecraft:stone'>
				<Setting name='MotherlodeFrequency' avg='0' range='0'/>
			</Veins>
			<Veins name='mtlgTinPrefersVeins' inherits='PresetLayeredVeins' block='minecraft:stone'>
				<Setting name='MotherlodeFrequency' avg='0' range='0'/>
			</Veins>
			<Veins name='mtlgTinBaseVeins' inherits='PresetLayeredVeins' block='minecraft:stone'>
				<Setting name='MotherlodeFrequency' avg='0' range='0'/>
			</Veins>
			<Veins name='mtlgTinPrefersVeins' inherits='PresetLayeredVeins' block='minecraft:stone'>
				<Setting name='MotherlodeFrequency' avg='0' range='0'/>
			</Veins>
        	<Cloud name='mtlgTinBaseCloud' inherits='PresetStrategicCloud' block='minecraft:stone'>
				<Setting name='DistributionFrequency' avg='0' range='0'/>
			</Cloud>
        	<StandardGen name='mtlgTinBaseStandard' inherits='PresetStandardGen' block='minecraft:stone'>
				<Setting name='Frequency' avg='0' range='0'/>
			</StandardGen>
			<Veins name='thfoTinBaseVeins' inherits='PresetLayeredVeins' block='minecraft:stone'>
				<Setting name='MotherlodeFrequency' avg='0' range='0'/>
			</Veins>
			<Veins name='thfoTinPrefersVeins' inherits='PresetLayeredVeins' block='minecraft:stone'>
				<Setting name='MotherlodeFrequency' avg='0' range='0'/>
			</Veins>
			<Veins name='thfoTinBaseVeins' inherits='PresetLayeredVeins' block='minecraft:stone'>
				<Setting name='MotherlodeFrequency' avg='0' range='0'/>
			</Veins>
			<Veins name='thfoTinPrefersVeins' inherits='PresetLayeredVeins' block='minecraft:stone'>
				<Setting name='MotherlodeFrequency' avg='0' range='0'/>
			</Veins>
        	<Cloud name='thfoTinBaseCloud' inherits='PresetStrategicCloud' block='minecraft:stone'>
				<Setting name='DistributionFrequency' avg='0' range='0'/>
			</Cloud>
        	<StandardGen name='thfoTinBaseStandard' inherits='PresetStandardGen' block='minecraft:stone'>
				<Setting name='Frequency' avg='0' range='0'/>
			</StandardGen>
			<Veins name='ForestryTinVeins' inherits='PresetLayeredVeins' block='minecraft:stone'>
				<Setting name='MotherlodeFrequency' avg='0' range='0'/>
			</Veins>
			<Veins name='ForestryTinVeinsPlains' inherits='PresetLayeredVeins' block='minecraft:stone'>
				<Setting name='MotherlodeFrequency' avg='0' range='0'/>
			</Veins>
        	<Cloud name='ForestryTinCloud' inherits='PresetStrategicCloud' block='minecraft:stone'>
				<Setting name='DistributionFrequency' avg='0' range='0'/>
			</Cloud>
			<IfCondition condition=':= hic2TinDist = "vanillaStdGen"'>
                <StandardGen name='HardTinStandard' block='HarderOres:ore_tin:9' inherits='PresetStandardGen'> 
                    <Description> Equivalent to regular IC2 tin distribution </Description>
                    <DrawWireframe>:=drawWireframes</DrawWireframe>
                    <WireframeColor>0x40FFFFFF</WireframeColor>
                    <Setting name='Size' avg=':= 0.75 * hic2TinSize * _default_'/>
                    <Setting name='Frequency' avg=':= 1.25 * hic2TinFreq * if(age,age.ic2TinClusters,1) * _default_' 
                                                range=':= 5 * hic2TinFreq * if(age,age.ic2TinClusters,1)'/>
                    <Setting name='Height' avg=':= 20/64 * dimension.groundLevel' range=':= 20/64 * dimension.groundLevel' type='uniform'/>
                </StandardGen>
            </IfCondition>
            
			<IfCondition condition=':= hic2TinDist = "layeredVeins"'>
                <Veins name='HardTinVeins' block='HarderOres:ore_tin:7' inherits='PresetLayeredVeins'>
                    <Description> 
                        Average veins in the 20-40 range.
                    </Description> 
                    <DrawWireframe>:=drawWireframes</DrawWireframe>
                    <WireframeColor>0x40FFFFFF</WireframeColor>
                    <Setting name='MotherlodeFrequency' avg=':= 1.10 * hic2TinFreq * if(age,age.ic2TinVeins,1) * _default_'/>
                    <Setting name='MotherlodeSize' avg=':= hic2TinSize * _default_' range=':= hic2TinSize * _default_'/>
                    <Setting name='MotherlodeHeight' avg=':= 30/64 * dimension.groundLevel' range=':= 11/64 * dimension.groundLevel' type='normal'/>
                    <Setting name='BranchHeightLimit' avg='11'/>
                    <Setting name='BranchLength' avg=':= 0.8 * _default_'/>
                    <Setting name='SegmentRadius' avg=':= hic2TinSize * _default_' range=':= hic2TinSize * _default_'/>
                </Veins>
                <Veins name='TinVeinsPlains' inherits='HardTinVeins'>
                    <Description> This roughly triples the chance of finding tin in plains biomes. </Description>
                    <Setting name='MotherlodeFrequency' avg=':= 2 * _default_'/>
                    <Setting name='MotherlodeHeight' avg=':=_default_' range=':= 2 * _default_'/>
                    <Setting name='BranchHeightLimit' avg=':= 2 * _default_'/>
                    <Biome name='Plains'/>
                </Veins>
            </IfCondition>
            
			<IfCondition condition=':= hic2TinDist = "strategicClouds"'>
				<Cloud name='HardTinCloud' block='HarderOres:ore_tin:1' inherits='PresetStrategicCloud'>
                    <Description>
                        Diffuse tin cloud filled with random, denser, pockets.
                    </Description>
                    <DrawWireframe>:=drawWireframes</DrawWireframe>
                    <WireframeColor>0x20FFFFFF</WireframeColor>
					<Setting name='CloudHeight' avg='48' range='6' />
					<Setting name='CloudSizeNoise' avg='0.1' range='0.025' />
                    <Setting name='DistributionFrequency' avg=':= 0.01 * hic2TinFreq * if(age,age.ic2TinClouds,1)'/>
                    <Setting name='CloudRadius' avg=':= 1.5 * hic2TinSize * _default_' range=':= 0.6 * hic2TinSize * _default_'/>
                    <Setting name='CloudThickness' avg=':= 8.0 * hic2TinSize' range='2'/>
                    <Setting name='OreDensity' avg='0.075'/>
                    <Biome name='Sunflower Plains' weight='1'/>
                    <Biome name='Plains' weight='1'/>
                    <Biome name='Forest' weight='0.25'/>
                    <Biome name='ForestHills' weight='0.25'/>
                    <Biome name='Birch Forest' weight='0.25'/>
                    <Biome name='.*' weight='0.1'/>
					<Cloud name='HardTinCloudChild' block='HarderOres:ore_tin:11' inherits='PresetStrategicCloud'>
						<DrawWireframe>:=drawWireframes</DrawWireframe>
						<WireframeColor>0x20BFBFBF</WireframeColor>
						<Setting name='CloudHeight' avg='48' range='2' />
						<Setting name='ParentRangeLimit' avg='18' range='6' />
						<Setting name='CloudSizeNoise' avg='0.05' range='0.05' />
						<Setting name='DistributionFrequency' avg='1.5' range='.5'/>
						<Setting name='CloudRadius' avg=':= 6 * hic2TinSize' range=':= 2.6 * hic2TinSize'/>
						<Setting name='CloudThickness' avg='3.0' range='0.3'/>
						<Setting name='OreDensity' avg='0.85'/>
						<Cloud name='HardTinCloudCore' block='HarderOres:ore_tin:15' inherits='PresetStrategicCloud'>
							<DrawWireframe>:=drawWireframes</DrawWireframe>
							<WireframeColor>0x20888888</WireframeColor>
							<Setting name='CloudHeight' avg='48' range='1' />
							<Setting name='ParentRangeLimit' avg='3' range='1' />
							<Setting name='CloudSizeNoise' avg='0.05' range='0.05' />
							<Setting name='DistributionFrequency' avg='2' range='0'/>
							<Setting name='CloudRadius' avg=':= 2 * hic2TinSize' range='0'/>
							<Setting name='CloudThickness' avg='1.5' range='0.15'/>
							<Setting name='OreDensity' avg='1'/>
						</Cloud>
					</Cloud>
                </Cloud>
            </IfCondition>
            
        </ConfigSection>
        
        <!--******************   Uranium   *********************-->
        <ConfigSection>
        	<StandardGen name='IC2UraniumStandard' inherits='PresetStandardGen' block='minecraft:stone'> 
				<Setting name='Frequency' avg='0' range='0'/>
			</StandardGen>
			<Veins name='IC2UraniumVeins' inherits='PresetLayeredVeins' block='minecraft:stone'> 
				<Setting name='MotherlodeFrequency' avg='0' range='0'/>
			</Veins>
			<Veins name='IC2UraniumPlains' inherits='PresetLayeredVeins' block='minecraft:stone'> 
				<Setting name='MotherlodeFrequency' avg='0' range='0'/>
			</Veins>
			<Cloud name='IC2UraniumCloud' inherits='PresetStrategicCloud' block='minecraft:stone'> 
				<Setting name='DistributionFrequency' avg='0' range='0'/>
			</Cloud>
            <IfCondition condition=':= if(age, age.ic2UraniumClusters > 0, hic2UraniumDist = "vanillaStdGen")'>
                <StandardGen name='HardUraniumStandard' block='HarderOres:ore_uranium:9' inherits='PresetStandardGen'> 
                    <Description> Equivalent to regular IC2 uranium distribution </Description>
                    <DrawWireframe>:=drawWireframes</DrawWireframe>
                    <WireframeColor>0x4080FF00</WireframeColor>
                    <Setting name='Size' avg=':= 0.375 * hic2UraniumSize * _default_'/>
                    <Setting name='Frequency' avg=':= 1.0 * hic2UraniumFreq * if(age,age.ic2UraniumClusters,1) * _default_' 
                                               range=':= 4.5 * hic2UraniumFreq * if(age,age.ic2UraniumClusters,1)'/>
                    <Setting name='Height' avg=':= 32/64 * dimension.groundLevel' range=':= 32/64 * dimension.groundLevel' type='uniform'/>
                </StandardGen>
            </IfCondition>
            
            <IfCondition condition=':= if(age, age.ic2UraniumVeins > 0, hic2UraniumDist = "layeredVeins")'>
                <Veins name='HardUraniumVeins' block='HarderOres:ore_uranium:7' inherits='PresetSparseVeins'>    
                    <Description>
                        Sparse veins in the 10-30 range.
                    </Description>
                    <DrawWireframe>:=drawWireframes</DrawWireframe>
                    <WireframeColor>0x4080FF00</WireframeColor>
                    <Setting name='MotherlodeFrequency' avg=':= 1.5 * hic2UraniumFreq * if(age,age.ic2UraniumVeins,1) * _default_'/>
                    <Setting name='MotherlodeSize' avg=':= 0.6 * hic2UraniumSize * _default_' range=':= 0.6 * hic2UraniumSize * _default_'/>
                    <Setting name='MotherlodeHeight' avg=':= 20/64 * dimension.groundLevel' range=':= 10/64 * dimension.groundLevel'/>
                    <Setting name='BranchLength' avg=':= 0.75 * _default_' range=':= 0.75 * _default_'/>
                    <Setting name='BranchInclination' avg='0' range='0.35'/>
                    <Setting name='BranchHeightLimit' avg='12'/>
                    <Setting name='SegmentRadius' avg=':= 0.6 * hic2UraniumSize * _default_' range=':= 0.6 * hic2UraniumSize * _default_'/>
                    <Setting name='OreDensity' avg=':= 1.85 * _default_' range=':= _default_'/>
                </Veins>
                <Veins name='UraniumVeinsWasteland' inherits='HardUraniumVeins'>
                    <Description>  This roughly triples the chance of finding uranium in an wasteland. </Description>
                    <Setting name='MotherlodeFrequency' avg=':= 2 * _default_'/>
                    <Setting name='MotherlodeHeight' avg=':= _default_' range=':= 2 * _default_'/>
                    <Setting name='BranchHeightLimit' avg=':= 2 * _default_'/>
                    <Biome name='Wasteland'/>
                </Veins>
            </IfCondition>
            
            <IfCondition condition=':= if(age, age.ic2UraniumClouds > 0, hic2UraniumDist = "strategicClouds")'>
                <Cloud name='HardUraniumCloud' block='HarderOres:ore_uranium:15' inherits='PresetStrategicCloud'>
                    <Description>
                        Diffuse uranium cloud surrounded by single-block "hint" veins, found mostly in wasteland biomes.
                    </Description>
                    <DrawWireframe>:=drawWireframes</DrawWireframe>
                    <WireframeColor>0x4044FF00</WireframeColor>
                    <Setting name='DistributionFrequency' avg=':= 4 * hic2UraniumFreq * if(age,age.ic2UraniumClouds,1) * _default_'/>
                    <Setting name='CloudRadius' avg=':= 0.5 * hic2UraniumSize * _default_' range=':= 0.5 * hic2UraniumSize * _default_'/>
                    <Setting name='CloudThickness' avg=':= 0.5 * hic2UraniumSize * _default_' range=':= 0.5 * hic2UraniumSize * _default_'/>
                    <Setting name='OreVolumeNoiseCutoff' avg='0'/>
                    <Setting name='OreDensity' avg=':= 1.1 * _default_'/>
                    <Biome name='.*' weight='0.2'/>
                    <Biome name='Wasteland'/>
                    <Veins name='HardUraniumHintVeins' block='HarderOres:ore_uranium:3' inherits='PresetHintVeins'>
                        <DrawWireframe>:=drawWireframes</DrawWireframe>
                        <WireframeColor>0x4080FF00</WireframeColor>
                        <Setting name='MotherlodeFrequency' avg=':= _default_' range=':= _default_'/>
                        <Setting name='MotherlodeRangeLimit' avg=':= 0.5 * hic2UraniumSize * _default_' range=':= 0.5 * hic2UraniumSize * _default_'/>
                    </Veins>
                </Cloud>
            </IfCondition>
            
        </ConfigSection>

        <!--*******************   Lead   *********************-->
        <ConfigSection>
        	<StandardGen name='TELeadStandard' inherits='PresetStandardGen' block='minecraft:stone'> 
				<Setting name='Frequency' avg='0' range='0'/>
			</StandardGen>
			<Veins name='TELeadVeins' inherits='PresetLayeredVeins' block='minecraft:stone'> 
				<Setting name='MotherlodeFrequency' avg='0' range='0'/>
			</Veins>
			<Cloud name='TELeadCloud' inherits='PresetStrategicCloud' block='minecraft:stone'> 
				<Setting name='DistributionFrequency' avg='0' range='0'/>
			</Cloud>
        	<StandardGen name='IC2LeadStandard' inherits='PresetStandardGen' block='minecraft:stone'> 
				<Setting name='Frequency' avg='0' range='0'/>
			</StandardGen>
			<Veins name='thfoLeadBaseVeins' inherits='PresetLayeredVeins' block='minecraft:stone'> 
				<Setting name='MotherlodeFrequency' avg='0' range='0'/>
			</Veins>
			<Veins name='thfoLeadPrefersVeins' inherits='PresetLayeredVeins' block='minecraft:stone'> 
				<Setting name='MotherlodeFrequency' avg='0' range='0'/>
			</Veins>
			<Veins name='thfoLeadBaseVeins' inherits='PresetLayeredVeins' block='minecraft:stone'> 
				<Setting name='MotherlodeFrequency' avg='0' range='0'/>
			</Veins>
			<Veins name='thfoLeadPrefersVeins' inherits='PresetLayeredVeins' block='minecraft:stone'> 
				<Setting name='MotherlodeFrequency' avg='0' range='0'/>
			</Veins>
			<Cloud name='thfoLeadBaseCloud' inherits='PresetStrategicCloud' block='minecraft:stone'> 
				<Setting name='DistributionFrequency' avg='0' range='0'/>
			</Cloud>
        	<StandardGen name='thfoLeadBaseStandard' inherits='PresetStandardGen' block='minecraft:stone'> 
				<Setting name='Frequency' avg='0' range='0'/>
			</StandardGen>
			<Veins name='IC2LeadVeins' inherits='PresetLayeredVeins' block='minecraft:stone'> 
				<Setting name='MotherlodeFrequency' avg='0' range='0'/>
			</Veins>
			<Veins name='IC2LeadPlains' inherits='PresetLayeredVeins' block='minecraft:stone'> 
				<Setting name='MotherlodeFrequency' avg='0' range='0'/>
			</Veins>
			<Cloud name='IC2LeadCloud' inherits='PresetStrategicCloud' block='minecraft:stone'> 
				<Setting name='DistributionFrequency' avg='0' range='0'/>
			</Cloud>
            <IfCondition condition=':= if(age, age.ic2LeadClusters > 0, hic2LeadDist = "vanillaStdGen")'>
                <StandardGen name='HardLeadStandard' block='HarderOres:ore_lead:9' inherits='PresetStandardGen'> 
                    <Description> Equivalent? to regular IC2 lead distribution </Description>
                    <DrawWireframe>:=drawWireframes</DrawWireframe>
                    <WireframeColor>0x40222222</WireframeColor>
                    <Setting name='Size' avg=':= 1.25 * hic2LeadSize * _default_'/>
                    <Setting name='Frequency' avg=':= 0.75 * hic2LeadFreq * if(age,age.ic2LeadClusters,1) * _default_' 
                                                range=':= 4 * hic2LeadFreq * if(age,age.ic2LeadClusters,1)'/>
                    <Setting name='Height' avg=':= 40/64 * dimension.groundLevel' range=':= 30/64 * dimension.groundLevel' type='normal'/>
                </StandardGen>
            </IfCondition>
            
            <IfCondition condition=':= if(age, age.ic2LeadVeins > 0, hic2LeadDist = "layeredVeins")'>
                <Veins name='HardLeadVeins' block='HarderOres:ore_lead:7' inherits='PresetLayeredVeins'>
                    <Description>  Average veins in the 30-50 range;
                    more common in deserts. </Description>
                    <DrawWireframe>:=drawWireframes</DrawWireframe>
                    <WireframeColor>0x40222222</WireframeColor>
                    <Setting name='MotherlodeFrequency' avg=':= 1.15 * hic2LeadFreq * if(age,age.ic2LeadVeins,1) * _default_'/>
                    <Setting name='MotherlodeSize' avg=':= hic2LeadSize * _default_' range=':= hic2LeadSize * _default_'/>
                    <Setting name='MotherlodeHeight' avg=':= 40/64 * dimension.groundLevel' range=':= 12/64 * dimension.groundLevel' type='normal'/>
                    <Setting name='BranchFrequency' avg=':= 0.6 * _default_' range=':= 0.6 * _default_'/>
                    <Setting name='BranchLength' avg=':= 1.2 * _default_'/>
                    <Setting name='BranchHeightLimit' avg='12'/>
                    <Setting name='SegmentRadius' avg=':= hic2LeadSize * _default_' range=':= hic2LeadSize * _default_'/>
                </Veins>                
                <Veins name='LeadVeinsDesert' inherits='HardLeadVeins'>
                    <Description> This roughly triples the chance of finding Lead in desert biomes. </Description>
                    <Setting name='MotherlodeFrequency' avg=':= 2 * _default_'/>
                    <Setting name='MotherlodeHeight' avg=':=_default_' range=':= 2 * _default_'/>
                    <Setting name='BranchHeightLimit' avg=':= 2 * _default_'/>
                    <Biome name='Sandy'/>
                </Veins>
            </IfCondition>
            
            <IfCondition condition=':= if(age, age.ic2LeadClouds > 0, hic2LeadDist = "strategicClouds")'>
                <Cloud name='HardLeadCloud' block='HarderOres:ore_lead:15' inherits='PresetStrategicCloud'>
                    <Description>
                        Diffuse copper cloud surrounded by single-block "hint" veins, found in desert biomes.
                    </Description>
                    <DrawWireframe>:=drawWireframes</DrawWireframe>
                    <WireframeColor>0x40773300</WireframeColor>
                    <Setting name='DistributionFrequency' avg=':= 3.5 * hic2LeadFreq * if(age,age.ic2LeadClouds,1) * _default_'/>
                    <Setting name='CloudRadius' avg=':= 1.1 * hic2LeadSize * _default_' range=':= hic2LeadSize * _default_'/>
                    <Setting name='CloudThickness' avg=':= 1.1 * hic2LeadSize * _default_' range=':= hic2LeadSize * _default_'/>
                    <Biome name='Sandy'/>
                    <Veins name='HardLeadHintVeins' block='HarderOres:ore_lead:3' inherits='PresetHintVeins'>
                        <DrawWireframe>:=drawWireframes</DrawWireframe>
                        <WireframeColor>0x40222222</WireframeColor>
                        <Setting name='MotherlodeFrequency' avg=':= _default_' range=':= _default_'/>
                        <Setting name='MotherlodeRangeLimit' avg=':= hic2LeadSize * _default_' range=':= hic2LeadSize * _default_'/>
                    </Veins>
                </Cloud>
            </IfCondition>
            
        </ConfigSection>
		
		<!--******************   Silver   *********************-->            
        <ConfigSection>
        	<StandardGen name='TESilverStandard' inherits='PresetStandardGen' block='minecraft:stone'> 
				<Setting name='Frequency' avg='0' range='0'/>
			</StandardGen>
			<Veins name='TESilverVeins' inherits='PresetLayeredVeins' block='minecraft:stone'> 
				<Setting name='MotherlodeFrequency' avg='0' range='0'/>
			</Veins>
			<Cloud name='TESilverCloud' inherits='PresetStrategicCloud' block='minecraft:stone'> 
				<Setting name='DistributionFrequency' avg='0' range='0'/>
			</Cloud>
        	<StandardGen name='silverStandard' inherits='PresetStandardGen' block='minecraft:stone'>
				<Setting name='Frequency' avg='0' range='0'/>
			</StandardGen>
			<Veins name='thfoSilverBaseVeins' inherits='PresetLayeredVeins' block='minecraft:stone'> 
				<Setting name='MotherlodeFrequency' avg='0' range='0'/>
			</Veins>
			<Veins name='thfoSilverPrefersVeins' inherits='PresetLayeredVeins' block='minecraft:stone'> 
				<Setting name='MotherlodeFrequency' avg='0' range='0'/>
			</Veins>
			<Veins name='thfoSilverBaseVeins' inherits='PresetLayeredVeins' block='minecraft:stone'> 
				<Setting name='MotherlodeFrequency' avg='0' range='0'/>
			</Veins>
			<Veins name='thfoSilverPrefersVeins' inherits='PresetLayeredVeins' block='minecraft:stone'> 
				<Setting name='MotherlodeFrequency' avg='0' range='0'/>
			</Veins>
			<Cloud name='thfoSilverBaseCloud' inherits='PresetStrategicCloud' block='minecraft:stone'> 
				<Setting name='DistributionFrequency' avg='0' range='0'/>
			</Cloud>
        	<StandardGen name='thfoSilverBaseStandard' inherits='PresetStandardGen' block='minecraft:stone'>
				<Setting name='Frequency' avg='0' range='0'/>
			</StandardGen>
			<Veins name='mtlgSilverBaseVeins' inherits='PresetLayeredVeins' block='minecraft:stone'> 
				<Setting name='MotherlodeFrequency' avg='0' range='0'/>
			</Veins>
			<Veins name='mtlgSilverPrefersVeins' inherits='PresetLayeredVeins' block='minecraft:stone'> 
				<Setting name='MotherlodeFrequency' avg='0' range='0'/>
			</Veins>
			<Veins name='mtlgSilverBaseVeins' inherits='PresetLayeredVeins' block='minecraft:stone'> 
				<Setting name='MotherlodeFrequency' avg='0' range='0'/>
			</Veins>
			<Veins name='mtlgSilverPrefersVeins' inherits='PresetLayeredVeins' block='minecraft:stone'> 
				<Setting name='MotherlodeFrequency' avg='0' range='0'/>
			</Veins>
			<Cloud name='mtlgSilverBaseCloud' inherits='PresetStrategicCloud' block='minecraft:stone'> 
				<Setting name='DistributionFrequency' avg='0' range='0'/>
			</Cloud>
        	<StandardGen name='mtlgSilverBaseStandard' inherits='PresetStandardGen' block='minecraft:stone'>
				<Setting name='Frequency' avg='0' range='0'/>
			</StandardGen>
			<Veins name='m3silverVeins' inherits='PresetLayeredVeins' block='minecraft:stone'>
				<Setting name='MotherlodeFrequency' avg='0' range='0'/>
			</Veins>
			<Veins name='m3silverVeinsForest' inherits='PresetLayeredVeins' block='minecraft:stone'>
				<Setting name='MotherlodeFrequency' avg='0' range='0'/>
			</Veins>
        	<Cloud name='silverCloud' inherits='PresetStrategicCloud' block='minecraft:stone'>
				<Setting name='DistributionFrequency' avg='0' range='0'/>
			</Cloud>
        	<!--
				Until I can find an API, this is not a good idea
			<StandardGen name='factSilverStandard' inherits='PresetStandardGen' block='minecraft:stone'>
				<Setting name='Frequency' avg='0' range='0'/>
			</StandardGen>
			<Veins name='factSilverVeins' inherits='PresetLayeredVeins' block='minecraft:stone'>
				<Setting name='MotherlodeFrequency' avg='0' range='0'/>
			</Veins>
        	<Cloud name='factSilverCloud' inherits='PresetStrategicCloud' block='minecraft:stone'>
				<Setting name='DistributionFrequency' avg='0' range='0'/>
			</Cloud>-->
            <IfCondition condition=':= if(age, age.SilverClusters > 0, hardSilverDist = "vanillaStdGen")'>
                <StandardGen name='HardSilverStandard' block='HarderOres:ore_silver:9' inherits='PresetStandardGen'> 
                    <Description> Equivalent to regular silver distribution </Description>
                    <DrawWireframe>:=drawWireframes</DrawWireframe>
                    <WireframeColor>0x40AAAAAA</WireframeColor> 
                    <Setting name='Size' avg=':= hardSilverSize * _default_'/> 
                    <Setting name='Frequency' avg=':= 0.15 * hardSilverFreq * if(age,age.SilverClusters,1) * _default_' 
                                               range=':= 1.5 * hardSilverFreq * if(age,age.SilverClusters,1)'/>
                    <Setting name='Height' avg=':= 18/64 * dimension.groundLevel' range=':= 12/64 * dimension.groundLevel' type='uniform'/> 
                </StandardGen>
            </IfCondition>   
            
            <IfCondition condition=':= if(age, age.SilverVeins > 0, hardSilverDist = "layeredVeins")'>
                <Veins name='HardSilverVeins' block='HarderOres:ore_silver:7' inherits='PresetLayeredVeins'>    
                    <Description>
                        Sparse veins in the 10-30 range.
                    </Description>
                    <DrawWireframe>:=drawWireframes</DrawWireframe>
                    <WireframeColor>0x40AAAAAA</WireframeColor>
                    <Setting name='MotherlodeFrequency' avg=':= 0.85 * hardSilverFreq * if(age,age.SilverVeins,1) * _default_'/>
                    <Setting name='MotherlodeSize' avg=':= 0.85 * hardSilverSize * _default_' range=':= 0.85 * hardSilverSize * _default_'/>
                    <Setting name='MotherlodeHeight' avg=':= 20/64 * dimension.groundLevel' range=':= 10/64 * dimension.groundLevel'/>
                    <Setting name='BranchLength'
                             avg=':= 0.8 * _default_'
                             range=':= 0.75 * _default_'/>
                    <Setting name='BranchFrequency' avg=':= 0.85 * _default_'/> 
                    <Setting name='BranchHeightLimit' avg='12'/>
                    <Setting name='SegmentRadius'
                             avg=':= 0.75 * hardSilverSize * _default_'
                             range=':= 0.5 * hardSilverSize * _default_'/>
                    <Setting name='SegmentRadius' avg=':= hardSilverSize * _default_' range=':= hardSilverSize * _default_'/>
                </Veins>
                <Veins name='HardSilverVeinsMountain' inherits='HardSilverVeins'>
                    <Description>  This roughly triples the chance of
                    finding silver in mountainous terrain. </Description>      
                    <Setting name='MotherlodeFrequency' avg=':= 2 * _default_'/>
                    <Setting name='MotherlodeHeight' avg=':= _default_' range=':= 2 * _default_'/>
                    <Setting name='BranchHeightLimit' avg=':= 2 * _default_'/>
                    <Biome name='Mountain'/>
                </Veins>
            </IfCondition>     
            
            <IfCondition condition=':= if(age, age.SilverClouds > 0, hardSilverDist = "strategicClouds")'>
                <Cloud name='HardSilverCloud' block='HarderOres:ore_silver:7' inherits='PresetStrategicCloud'>
                    <Description>  
                        Diffuse silver cloud surrounded by single-block "hint" veins, found mostly in mountain biomes.
                    </Description> 
                    <DrawWireframe>:=drawWireframes</DrawWireframe>
                    <WireframeColor>0x40AAAAAA</WireframeColor> 
                    <Setting name='DistributionFrequency' avg=':= 4.5 * hardSilverFreq * if(age,age.SilverClouds,1) * _default_'/>
                    <Setting name='CloudRadius'
                             avg=':= 0.8 * hardSilverSize * _default_'
                             range=':= 0.8 * hardSilverSize * _default_'/>
                    <Setting name='CloudThickness'
                             avg=':= 0.8 * hardSilverSize * _default_'
                             range=':= hardSilverSize * _default_'/>
                    <Setting name='OreDensity' avg=':= 0.5 * _default_'/>
                    <Biome name='Mountain'/>
                    <Veins name='HardSilverHintVeins' inherits='PresetHintVeins'>
                        <DrawWireframe>:=drawWireframes</DrawWireframe>
                        <WireframeColor>0x40AAAAAA</WireframeColor>
                        <Setting name='MotherlodeFrequency'
                                 avg=':= 0.5 * _default_' range=':= _default_'/>
                        <Setting name='MotherlodeRangeLimit'
                                 avg=':= 0.85 * hardSilverSize * _default_'
                                 range=':= 0.8 * hardSilverSize * _default_'/>
                    </Veins>
                </Cloud>
            </IfCondition>  
            
        </ConfigSection>

        <!--*******************   Nickel Ore   *********************-->            
        <ConfigSection>
        	<StandardGen name='TEFerrousStandard' inherits='PresetStandardGen' block='minecraft:stone'> 
				<Setting name='Frequency' avg='0' range='0'/>
			</StandardGen>
			<Veins name='TEFerrousVeins' inherits='PresetLayeredVeins' block='minecraft:stone'> 
				<Setting name='MotherlodeFrequency' avg='0' range='0'/>
			</Veins>
			<Cloud name='TEFerrousCloud' inherits='PresetStrategicCloud' block='minecraft:stone'> 
				<Setting name='DistributionFrequency' avg='0' range='0'/>
			</Cloud>
			<Veins name='thfoFerrousBaseVeins' inherits='PresetLayeredVeins' block='minecraft:stone'> 
				<Setting name='MotherlodeFrequency' avg='0' range='0'/>
			</Veins>
			<Veins name='thfoFerrousPrefersVeins' inherits='PresetLayeredVeins' block='minecraft:stone'> 
				<Setting name='MotherlodeFrequency' avg='0' range='0'/>
			</Veins>
			<Veins name='thfoFerrousBaseVeins' inherits='PresetLayeredVeins' block='minecraft:stone'> 
				<Setting name='MotherlodeFrequency' avg='0' range='0'/>
			</Veins>
			<Veins name='thfoFerrousPrefersVeins' inherits='PresetLayeredVeins' block='minecraft:stone'> 
				<Setting name='MotherlodeFrequency' avg='0' range='0'/>
			</Veins>
			<Cloud name='thfoFerrousBaseCloud' inherits='PresetStrategicCloud' block='minecraft:stone'> 
				<Setting name='DistributionFrequency' avg='0' range='0'/>
			</Cloud>
        	<StandardGen name='thfoFerrousBaseStandard' inherits='PresetStandardGen' block='minecraft:stone'> 
				<Setting name='Frequency' avg='0' range='0'/>
			</StandardGen>
            <IfCondition condition=':= if(age, age.teFerrousClusters > 0, hardNickelDist = "vanillaStdGen")'>
                <StandardGen name='HardNickelStandard' block='HarderOres:ore_nickel:9' inherits='PresetStandardGen'> 
                    <Description> Equivalent to regular lead distribution </Description>
                    <DrawWireframe>:=drawWireframes</DrawWireframe>
                    <WireframeColor>0x40005500</WireframeColor> 
                    <Setting name='Size' avg=':= 0.5 * hardNickelSize * _default_'/> 
                    <Setting name='Frequency' avg=':= 0.1 * hardNickelFreq * if(age,age.teFerrousClusters,1) * _default_' 
                                                range=':= 0.75 * hardNickelFreq * if(age,age.teFerrousClusters,1)'/>
                    <Setting name='Height' avg=':= 12/64 * dimension.groundLevel' range=':= 7/64 * dimension.groundLevel' type='uniform'/> 
                </StandardGen>
            </IfCondition>   
            
            <IfCondition condition=':= if(age, age.teFerrousVeins > 0, hardNickelDist = "layeredVeins")'>             
                <Veins name='HardNickelVeins' block='HarderOres:ore_nickel:7' inherits='Presetlayeredveins'>
                    <Description>  Average veins in the 10-30 range;
                    more common in deserts. </Description> 
                    <DrawWireframe>:=drawWireframes</DrawWireframe>
                    <WireframeColor>0x40005500</WireframeColor> 
                    <Setting name='MotherlodeFrequency' avg=':= 0.85 * hardNickelFreq * if(age,age.teFerrousVeins,1) * _default_'/>
                    <Setting name='MotherlodeSize'
                             avg=':= 0.8 * hardNickelSize * _default_'
                             range=':= 0.5 * hardNickelSize * _default_'/>
                    <Setting name='MotherlodeHeight' avg=':= 20/64 * dimension.groundLevel' range=':= 10/64 * dimension.groundLevel' type='normal'/>
                    <Setting name='BranchFrequency' avg=':= 0.85 * _default_'/>
                    <Setting name='BranchLength' avg=':= 0.75 * _default_'/>
                    <Setting name='BranchHeightLimit' avg='10'/>
                    <Setting name='SegmentRadius'
                             avg=':= 0.7 * hardNickelSize * _default_'
                             range=':= 0.5 * hardNickelSize * _default_'/>
                </Veins>
                <Veins name='HardNickelVeinsSwamp' inherits='HardNickelVeins'>
                    <Description> This roughly triples the chance of finding Nickel Ore in swamp biomes. </Description> 
                    <Setting name='MotherlodeFrequency' avg=':= 2 * _default_'/>
                    <Setting name='MotherlodeHeight' avg=':=_default_' range=':= 2 * _default_'/>
                    <Setting name='BranchHeightLimit' avg=':= 2 * _default_'/>  
                    <Biome name='Swamp'/>
					<Biome name='Wasteland'/>
                </Veins>   
            </IfCondition>     
            
            <IfCondition condition=':= if(age, age.teFerrousClouds > 0, hardNickelDist = "strategicClouds")'>
                <Cloud name='HardNickelCloud' block='HarderOres:ore_nickel:7' inherits='PresetStrategicCloud'>
                    <Description>  
                        Diffuse nickel ore cloud surrounded by single-block "hint" veins, found in swamp biomes.
                    </Description> 
                    <DrawWireframe>:=drawWireframes</DrawWireframe>
                    <WireframeColor>0x40005500</WireframeColor> 
                    <Setting name='DistributionFrequency' avg=':= 4.5 * hardNickelFreq * if(age,age.teFerrousClouds,1) * _default_'/>
                    <Setting name='CloudRadius' avg=':= 0.8 * hardNickelSize * _default_' range=':= hardNickelSize * _default_'/>
                    <Setting name='CloudThickness'
                             avg=':= 0.8 * hardNickelSize * _default_'
                             range=':= hardNickelSize * _default_'/>
                    <Setting name='OreDensity' avg=':= 0.3 * _default_'/>
                    <Biome name='Swamp'/>
                    <Veins name='HardNickelHintVeins' inherits='PresetHintVeins'>
                        <DrawWireframe>:=drawWireframes</DrawWireframe>
                        <WireframeColor>0x40005500</WireframeColor> 
                        <Setting name='MotherlodeFrequency'
                                 avg=':= 0.3 * _default_' range=':= _default_'/>
                        <Setting name='MotherlodeRangeLimit'
                                 avg=':= 0.75 * hardNickelSize * _default_'
                                 range=':= 0.65 * hardNickelSize * _default_'/>
                    </Veins>
                </Cloud>
            </IfCondition>
            
        </ConfigSection>

        <!--*******************   Aluminum Ore   *********************-->            
		
		<ConfigSection>
			<ConfigSection>
				<!-- Bauxite Preset -->
				 
				<CloudPreset name='SurfaceBauxite'>
					<DrawWireframe>:=drawWireframes</DrawWireframe>
					<WireframeColor>0x209F8C74</WireframeColor>
					<Setting name='DistributionFrequency' avg=':=0.004 * hardBauxiteFreq' range='0'/>
					<Setting name='CloudRadius' avg=':=16 + 2 * hardBauxiteSize' range='0' />
					<Setting name='CloudThickness' avg='8' range='0' />
					<Setting name='CloudSizeNoise' avg='0.1' range='0' />
					<Setting name='CloudHeight' avg=':=61.5 / 64 * dimension.groundLevel' range='0' />
					<Setting name='OreDensity' avg='1' />
					<Setting name='CloudInclination' avg='0' range='0' />
					<Setting name='OreVolumeNoiseCutoff' avg='0' range='0' />
					<Setting name='OreRadiusMult' avg='1' range='0.1' />
					<ReplacesOre block='stone' />
					<Replaces block='minecraft:gravel'/>
					<Replaces block='minecraft:dirt'/>
					<Replaces block='minecraft:hardened_clay'/>
					<Replaces block='minecraft:stained_hardened_clay'/>
					
                    <BiomeType name='Mesa' weight='0.5'/>
                    <Biome name='River' weight='0.2'/>
                    <BiomeType name='Swamp' weight='1'/>
                    <BiomeType name='Jungle' weight='0.3'/>
					<BiomeType name='Plains' weight='0.2'/>
				</CloudPreset>
		
		
			</ConfigSection>	
				
			<!-- Distribution -->	
				
			<IfCondition condition=':= hardBauxiteDist = "surfaceClouds"'>
				<!-- Above -->
				<Cloud name='BauxiteDenseCoreMain' block='HarderOres:ore_bauxite:12' inherits='SurfaceBauxite'>
					<WireframeColor>0x20E1A75B</WireframeColor>
					<seed> 43293 </seed>
					<Setting name='CloudRadius' avg=':=9 + hardBauxiteSize' range='0' />
					<Setting name='CloudThickness' avg='4' range='0' />
					<Setting name='CloudSizeNoise' avg='0.6' range='0' />
					<Setting name='CloudHeight' avg=':=58.0 / 64 * dimension.groundLevel' range='0' />
					<Setting name='HeightOffset' avg='3' range='1'/>
				</Cloud>
				<Cloud name='BauxiteLayerOneSide' block='HarderOres:ore_bauxite:7' inherits='SurfaceBauxite'>
					<seed> 43293 </seed>
					<Setting name='OreDensity' avg='0.6' />
					<PlacesBeside block='HarderOres:ore_bauxite:12' />
				</Cloud>
				<Cloud name='BauxiteLayerOneTop' block='HarderOres:ore_bauxite:7' inherits='SurfaceBauxite'>
					<seed> 43293 </seed>
					<Setting name='OreDensity' avg='0.3' />
					<PlacesAbove block='HarderOres:ore_bauxite:12' />
				</Cloud>
				<Cloud name='BauxiteLayerOneBot' block='HarderOres:ore_bauxite:7' inherits='SurfaceBauxite'>
					<seed> 43293 </seed>
					<Setting name='OreDensity' avg='0.3' />
					<PlacesBelow block='HarderOres:ore_bauxite:12' />
				</Cloud>
				<Cloud name='BauxiteLayerTwoSide' block='HarderOres:ore_bauxite:5' inherits='SurfaceBauxite'>
					<seed> 43293 </seed>
					<Setting name='OreDensity' avg='0.6' />
					<PlacesBeside block='HarderOres:ore_bauxite:12' />
					<PlacesBeside block='HarderOres:ore_bauxite:7' />
				</Cloud>
				<Cloud name='BauxiteLayerTwoTop' block='HarderOres:ore_bauxite:5' inherits='SurfaceBauxite'>
					<seed> 43293 </seed>
					<Setting name='OreDensity' avg='0.6' />
					<PlacesAbove block='HarderOres:ore_bauxite:12' />
					<PlacesAbove block='HarderOres:ore_bauxite:7' />
				</Cloud>
				<Cloud name='BauxiteLayerTwoBot' block='HarderOres:ore_bauxite:5' inherits='SurfaceBauxite'>
					<seed> 43293 </seed>
					<Setting name='OreDensity' avg='0.6' />
					<PlacesBelow block='HarderOres:ore_bauxite:12' />
					<PlacesBelow block='HarderOres:ore_bauxite:7' />
				</Cloud>
				<Cloud name='BauxiteLayerThreeSide' block='HarderOres:ore_bauxite:4' inherits='SurfaceBauxite'>
					<seed> 43293 </seed>
					<Setting name='OreDensity' avg='0.8' />
					<PlacesBeside block='HarderOres:ore_bauxite:12' />
					<PlacesBeside block='HarderOres:ore_bauxite:7' />
					<PlacesBeside block='HarderOres:ore_bauxite:5' />
				</Cloud>
				<Cloud name='BauxiteLayerFourSide' block='HarderOres:ore_bauxite:1' inherits='SurfaceBauxite'>
					<seed> 43293 </seed>
					<Setting name='CloudRadius' avg=':=20 + 2 * hardBauxiteSize' range='0' />
					<PlacesBeside block='HarderOres:ore_bauxite:7' />
					<PlacesBeside block='HarderOres:ore_bauxite:5' />
					<PlacesBeside block='HarderOres:ore_bauxite:4' />
				</Cloud>
				<Cloud name='BauxiteLayerFourTop' block='HarderOres:ore_bauxite:1' inherits='SurfaceBauxite'>
					<seed> 43293 </seed>
					<Setting name='CloudRadius' avg=':=20 + 2 * hardBauxiteSize' range='0' />
					<PlacesAbove block='HarderOres:ore_bauxite:7' />
					<PlacesAbove block='HarderOres:ore_bauxite:5' />
					<PlacesAbove block='HarderOres:ore_bauxite:4' />
				</Cloud>
				<Cloud name='BauxiteLayerFourBot' block='HarderOres:ore_bauxite:1' inherits='SurfaceBauxite'>
					<seed> 43293 </seed>
					<Setting name='CloudRadius' avg=':=20 + 2 * hardBauxiteSize' range='0' />
					<PlacesBelow block='HarderOres:ore_bauxite:7' />
					<PlacesBelow block='HarderOres:ore_bauxite:5' />
					<PlacesBelow block='HarderOres:ore_bauxite:4' />
				</Cloud>
				<Cloud name='BauxiteClayLayerSideOne' block='HarderOres:ore_bauxite:0' inherits='SurfaceBauxite'>
					<seed> 43293 </seed>
					<Setting name='CloudHeight' avg=':=58.5 / 64 * dimension.groundLevel' range='0' scaleto= 'SeaLevel' />
					<Setting name='CloudThickness' avg='10' range='0' />
					<Setting name='CloudRadius' avg=':=22 + 2 * hardBauxiteSize' range='0' />
					<PlacesBeside block='HarderOres:ore_bauxite:7' />
					<PlacesBeside block='HarderOres:ore_bauxite:5' />
					<PlacesBeside block='HarderOres:ore_bauxite:4' />
					<PlacesBeside block='HarderOres:ore_bauxite:1' />
					<ReplacesOre block='stone' />
					<Replaces block='minecraft:gravel'/>
					<Replaces block='minecraft:dirt'/>
				</Cloud>
				<Cloud name='BauxiteClayLayerSideTwo' block='minecraft:hardened_clay' inherits='SurfaceBauxite'>
					<seed> 43293 </seed>
					<Setting name='CloudHeight' avg=':=58.5 / 64 * dimension.groundLevel' range='0' scaleto= 'SeaLevel' />
					<Setting name='CloudThickness' avg='10' range='0' />
					<Setting name='CloudRadius' avg=':=22 + 2 * hardBauxiteSize' range='0' />
					<PlacesBeside block='HarderOres:ore_bauxite' />
					<ReplacesOre block='stone' />
					<Replaces block='minecraft:gravel'/>
					<Replaces block='minecraft:dirt'/>
				</Cloud>
				<Cloud name='BauxiteClayLayerBot' block='minecraft:hardened_clay' inherits='SurfaceBauxite'>
					<seed> 43293 </seed>
					<Setting name='CloudThickness' avg='11' range='0' />
					<Setting name='CloudRadius' avg=':=22 + 2 * hardBauxiteSize' range='0' />
					<PlacesBelow block='HarderOres:ore_bauxite' />
					<ReplacesOre block='stone' />
					<Replaces block='minecraft:gravel'/>
					<Replaces block='minecraft:dirt'/>
				</Cloud>
				<Cloud name='BauxiteClayLayerReplaceTemp' block='minecraft:hardened_clay' inherits='SurfaceBauxite'>
					<DrawWireframe>false</DrawWireframe>
					<seed> 43293 </seed>
					<Setting name='CloudThickness' avg='13' range='0' />
					<Setting name='CloudRadius' avg=':=26 + 2 * hardBauxiteSize' range='0' />
					<ReplacesOre block='stone' />
					<Replaces block='minecraft:gravel'/>
					<Replaces block='minecraft:dirt'/>
					<Replaces block='HarderOres:ore_bauxite:0'/>
				</Cloud>
			</IfCondition>
			
			<IfCondition condition=':= hardBauxiteDist = "layeredVeins"'>
                <VeinsPreset name='CustomizedBigBauxite' block='HarderOres:ore_bauxite:12' inherits='PresetHugeVeins'>
                    <DrawWireframe>:=drawWireframes</DrawWireframe>
                    <WireframeColor>0x209F8C74</WireframeColor>
                    <Setting name='MotherlodeFrequency' avg=':= 0.9 * hardBauxiteFreq * _default_ * 3.0'/>
                    <Setting name='MotherlodeSize' avg=':= 0.5 * hardBauxiteSize * _default_' range=':= hardBauxiteSize * _default_'/>
                    <Setting name='MotherlodeHeight' avg=':= 58/64 * dimension.groundLevel' range=':= 5/64 * dimension.groundLevel' type='normal'/>
                    <!-- <Setting name='MotherlodeHeight' avg='43'
                             range='10.5' type='normal' scaleTo='sealevel'/> -->
					<Setting name='BranchInclination' avg='0.1' range='0.15' />
					<Setting name='SegmentAngle' avg='0' range='0.65' type='inverse' />
					<Setting name='SegmentPitch' avg='0' range='0.1' />
                    <Setting name='BranchHeightLimit' avg='20'/>
                    <Setting name='SegmentRadius' avg=':= hardBauxiteSize * _default_' range=':= hardBauxiteSize * _default_'/>
                    <Setting name='BranchLength' avg=':= 150 ' />
					<ReplacesOre block='stone'/>
					<ReplacesOre block='ganyssurface:.*' weight='-1'/>
					<Replaces block='minecraft:dirt'/>
					<Replaces block='minecraft:hardened_clay'/>
					<Replaces block='minecraft:stained_hardened_clay'/>
					
                    <BiomeType name='Mesa' weight='0.5'/>
                    <Biome name='River' weight='0.2'/>
                    <BiomeType name='Swamp' weight='1'/>
                    <BiomeType name='Jungle' weight='0.4'/>
					<BiomeType name='Plains' weight='0.3'/>
                </VeinsPreset>
                <Veins name='hardBauxiteVeins2' inherits='CustomizedBigBauxite' block='HarderOres:ore_bauxite:9' >
                    <seed> 43293 </seed> <!-- Arbitrary; keep consistent -->
                    <!-- Start forcing these veins to be wider! -->
                    <Setting name='SegmentRadius' avg=':= min(0.2, 2.0 * _default_)' range=':= min(0, 1.25 * _default_)' />
                    <!-- Center of the motherlode is the big stuff, edge is one notch less -->
                    <Setting name='MotherlodeSize' avg=':= 1.0 * _default_' range=':= _default_' />
                </Veins>
                <Veins name='hardBauxiteVeins3' inherits='CustomizedBigBauxite' block='HarderOres:ore_bauxite:4' >
                    <seed> 43293 </seed> <!-- Arbitrary; keep consistent -->
                    <!-- Now the segments are noticeable -->
                    <Setting name='SegmentRadius' avg=':= min(0.4, 4.0 * _default_)' range=':= min(0, 2.0 * _default_)' />
                </Veins>
                <Veins name='hardBauxiteVeins4' inherits='CustomizedBigBauxite' block='HarderOres:ore_bauxite:0' >
                    <seed> 43293 </seed> <!-- Arbitrary; keep consistent -->
                    <!-- And the segments are now "fully" joined with the "junk" level ore -->
                    <!-- This is a big enough radius to be "likely" to be joined most of the time -->
                    <!-- NB: It is possible for a diagonal 3d line to skip a few. -->
                    <Setting name='SegmentRadius' avg='0.8 ' range='0' />
                    <!-- Add some extra length, to make them even more noticeable -->
                    <Setting name='BranchLength' avg=':= 1.5 * _default_ ' />
                </Veins>
                <Veins name='hardBauxiteVeins4' inherits='CustomizedBigBauxite' block='minecraft:hardened_clay' >
                    <seed> 43293 </seed> <!-- Arbitrary; keep consistent -->
                    <!-- Encase ore in hard clay -->
                    <Setting name='SegmentRadius' avg='2.5 ' range='0' />
                    <Setting name='BranchLength' avg=':= 1.52 * _default_ ' />
					<ReplacesOre block='stone'/>
					<ReplacesOre block='ganyssurface:.*' weight='-1'/>
					<Replaces block='minecraft:dirt'/>
                </Veins>
            </IfCondition>
		</ConfigSection>

    </IfCondition>
</ConfigSection>
</IfModInstalled>