<!--************************  CustomOreGen Harder Ores Module ****************
:set ai et ts=4 sw=4
*
*   This file contains Presets, Options, and Distributions for the 7
*   vanilla minecraft ores for Harder Ores:
*       Coal, Iron, Gold, Redstone, Diamond, Lapis Lazuli, and Emerald.
*
*   This file does not regenerate.  If you wish to revert to the default,
*   delete or rename this file.
*
******************************************************************************-->
<IfModInstalled name='HarderOres'>
<ConfigSection>


    <ConfigSection>
        <BiomeSet name='coalBiomes'>
        <!--
                Where should it spawn? "Swamp" is really "forested wetland".
                Even "hot, wet, and woody" includes jungle edge!, as well as jungle.
                And wetlands can include above sea-level areas; the key is the soil/plant type.
                
                The point is simply: Swamps alone are not enough. So add in the jungle edges.
        -->
            <Biome name='Swamp' />
            <Biome name='JungleEdge' />
        
            <!-- NOT the M version. The hilly nature and higher drainage would make
            it impossible for the ground to have enough standing water to generate
            the ground soil / aquatic plants of a wetland. -->
        </BiomeSet>

        <BiomeSet name='ironBiomes'>
            <!-- Old: Frozen. But those are too rare in 1.7.10.
                New: Cold. May change, but right now, that's snowy and most of the Taiga's.
            -->
            <Biome name='Cold' />
            <Biome name='Mega Spruce Taiga' />
            <Biome name='Taiga M' />
            <Biome name='Ocean' weight='-1'/>
        </BiomeSet>

        <BiomeSet name='redstoneBiomes'>
            <!-- Old: Desert. Hot and dry.
                 New: Sandy (top block sand)?
                 Still hot and dry, now includes the mesa's.
                 Still rarer than before -->
            <Biome name='Sandy' />
        </BiomeSet>

        <BiomeSet name='lapisBiomes'>
            <!-- Old: Ocean.
                 New: Ocean/Deep ocean.
                 Also includes "Frozen Ocean", which no longer generates.
            -->
            <Biome name='Ocean' />
        </BiomeSet>

        <BiomeSet name='emeraldBiomes'>
            <!-- Should map to extreme hills -->
            <Biome name='Mountain'/>
                <!-- "Mountain" includes Ice Mountains. Despite the name, it is "hills".
                    Base height 0.45, variation 0.3, matches all the various hills. -->
            <Biome name='Ice Mountains' weight='-1' />
            <Biome name='Extreme Hills M' />
            <Biome name='Extreme Hills+ M' />
            <!-- Savanna Plateau M is not flat; it's the highest base and variation in the game -->
            <!-- <Biome name='Savanna Plateau M' /> But vanilla does not put emeralds here! -->
            <Biome name='Green\s*Hills'/> <Comment> ExtraBiomesXL </Comment>
        </BiomeSet>

        <BiomeSet name='goldBiomes'>
            <Biome name='Forest'/>
            <Biome name='Cold' weight='-1' />
            <Biome name='Hot' weight='-1' />
            <Biome name='Coniferous' weight='-1' />
            <Biome name='Jungle' weight='-1' />
            <Biome name='Savanna' weight='-1' />
            
            <Biome name='Extreme Hills+' weight='-1' />
            <Biome name='Mega Spruce Taiga' weight='-1' />
            
            <Biome name='Birch Forest M' />
            <Biome name='Birch Forest Hills M' />
            <Biome name='Roofed Forest M' />
        </BiomeSet>
    </ConfigSection>

    <!--***************************   Options + Symbols   ***********************
    *
    *   Below are options and symbols for Coal, Iron, Gold, Redstone,
    *   Diamond, Lapis Lazuli, and Emerald.
    *   Each ore has a "type" option corresponding to select which distribution
    *   is used for that ore in the overworld.
    *
    *   Each ore also has its own overall "frequency" and "size" multipliers.
    *   These are provided so people can tweak the rarity of each ore
    *   from the options file rather than having to edit the config directly.
    *
    **************************************************************************-->
    <ConfigSection>
    
        <OptionDisplayGroup name='groupHarderOres' displayName='Harder Ores' displayState='shown'>
            <Description>
                Distribution options for the vanilla Minecraft ores in the harder variety.  These will override any settings in Minecraft Ores.
            </Description>
        </OptionDisplayGroup>

        <!--*******************   Coal   ***********************-->
        <ConfigSection>
        
            <OptionChoice name='hardcoalDist' default='layeredVeins' displayState='shown' displayGroup='groupHarderOres'>
                <Description> Controls how Coal is generated </Description>
                <DisplayName>Hard Coal Type</DisplayName>
                <Choice value='layeredVeins' displayValue='Veins'>
                    <Description>
                        Single short, wide veins found near ground level and only sparsely filled with ore.  Most common in swamps.
                    </Description>
                </Choice>
                <Choice value='strategicClouds' displayValue='Clouds'>
                    <Description>
                        Rare, sparsely populated clouds of ore extending over several chunks.  Found only in swamps.
                    </Description>
                </Choice>
                <Choice value='vanillaStdGen' displayValue='Clusters'>
                    <Description>
                        Small evenly scattered clusters of ore.  This is the vanilla coal generation.
                    </Description>
                </Choice>
                <Choice value='none' displayValue='None' description='No coal is generated at all.'/>
            </OptionChoice>
            
            <OptionNumeric name='hardcoalFreq' default='1'  min='0' max='5' displayState=':= if(?advOptions,"shown","hidden")' displayGroup='groupHarderOres'>
                <Description> Frequency multiplier for Coal distributions </Description>
                <DisplayName>Coal Freq.</DisplayName>
            </OptionNumeric>
            
            <OptionNumeric name='hardcoalSize' default='1'  min='0' max='5' displayState=':= if(?advOptions,"shown","hidden")' displayGroup='groupHarderOres'>
                <Description> Size multiplier for Coal distributions </Description>
                <DisplayName>Coal Size</DisplayName>
            </OptionNumeric>

        </ConfigSection>
            
        <!--*******************   Iron   ***********************-->
        <ConfigSection>
            
            <OptionChoice name='hardironDist' default='layeredVeins' displayState=':= if(blockExists("HarderOres:ore_iron"),"shown","hidden")' displayGroup='groupHarderOres'>
                <Description> Controls how Iron is generated </Description>
                <DisplayName>Hard Iron Type</DisplayName>
                <Choice value='layeredVeins' displayValue='Veins'>
                    <Description>
                        Groups of long narrow veins found about one third of the way down to bedrock.  Especially common in snowy or icy areas.
                    </Description>
                </Choice>
                <Choice value='strategicClouds' displayValue='Clouds'>
                    <Description>
                        Rare, sparsely populated clouds of ore extending over several chunks.  Found only in snowy or icy areas.
                    </Description>
                </Choice>
                <Choice value='vanillaStdGen' displayValue='Clusters'>
                    <Description>
                        Small evenly scattered clusters of ore.  This is the vanilla iron generation.
                    </Description>
                </Choice>
                <Choice value='none' displayValue='None' description='No iron is generated at all.'/>
            </OptionChoice>
            
            <OptionNumeric name='hardironFreq' default='1'  min='0' max='5' displayState=':= if(?advOptions,"shown","hidden")' displayGroup='groupHarderOres'>
                <Description> Frequency multiplier for Iron distributions </Description>
                <DisplayName>Iron Freq.</DisplayName>
            </OptionNumeric>
            
            <OptionNumeric name='hardironSize' default='1'  min='0' max='5' displayState=':= if(?advOptions,"shown","hidden")' displayGroup='groupHarderOres'>
                <Description> Size multiplier for Iron distributions </Description>
                <DisplayName>Iron Size</DisplayName>
            </OptionNumeric>
            
        </ConfigSection>
        
        <!--*******************   Gold   ***********************-->
        <ConfigSection>
        
            <OptionChoice name='hardgoldDist' default='layeredVeins' displayState=':= if(blockExists("HarderOres:ore_gold"),"shown","hidden")' displayGroup='groupHarderOres'>
                <Description> Controls how Gold is generated </Description>
                <DisplayName>Hard Gold Type</DisplayName>
                <Choice value='layeredVeins' displayValue='Veins'>
                    <Description>
                        Groups of long narrow veins found about two thirds of the way down to bedrock.  Most common in temperate hardwood forests, but still very rare.
                    </Description>
                </Choice>
                <Choice value='strategicClouds' displayValue='Clouds'>
                    <Description>
                        Rare, sparsely populated clouds of ore extending over several chunks.  Found only in temperate hardwood forests.
                    </Description>
                </Choice>
                <Choice value='vanillaStdGen' displayValue='Clusters'>
                    <Description>
                        Small clusters of ore scattered evenly from bedrock about halfway to the surface.  This is the vanilla gold generation.
                    </Description>
                </Choice>
                <Choice value='none' displayValue='None' description='No gold is generated at all.'/>
            </OptionChoice>
            
            <OptionNumeric name='hardgoldFreq' default='1'  min='0' max='5' displayState=':= if(?advOptions,"shown","hidden")' displayGroup='groupHarderOres'>
                <Description> Frequency multiplier for Gold distributions </Description>
                <DisplayName>Gold Freq.</DisplayName>
            </OptionNumeric>
            
            <OptionNumeric name='hardgoldSize' default='1'  min='0' max='5' displayState=':= if(?advOptions,"shown","hidden")' displayGroup='groupHarderOres'>
                <Description> Size multiplier for Gold distributions </Description>
                <DisplayName>Gold Size</DisplayName>
            </OptionNumeric>
            
        </ConfigSection>
        
        <!--*****************   Redstone   *********************-->
        <ConfigSection>
        
            <OptionChoice name='hardredstoneDist' default='layeredVeins' displayState=':= if(blockExists("HarderOres:ore_redstone"),"shown","hidden")' displayGroup='groupHarderOres'>
                <Description> Controls how Redstone is generated </Description>
                <DisplayName>Hard Redstone Type</DisplayName>
                <Choice value='layeredVeins' displayValue='Veins'>
                    <Description>
                        Single vertical veins starting near the surface and extending down about halfway to bedrock.  Most common in desert climates.
                    </Description>
                </Choice>
                <Choice value='strategicClouds' displayValue='Clouds'>
                    <Description>
                        Rare, sparsely populated clouds of ore extending over several chunks.  Found only in desert climates.
                    </Description>
                </Choice>
                <Choice value='vanillaStdGen' displayValue='Clusters'>
                    <Description>
                        Small clusters of ore scattered evenly from bedrock about one quarter of the way to the surface.  This is the vanilla redstone generation.
                    </Description>
                </Choice>
                <Choice value='none' displayValue='None' description='No redstone is generated at all.'/>
            </OptionChoice>
            
            <OptionNumeric name='hardredstoneFreq' default='1'  min='0' max='5' displayState=':= if(?advOptions,"shown","hidden")' displayGroup='groupHarderOres'>
                <Description> Frequency multiplier for Redstone distributions </Description>
                <DisplayName>Redstone Freq.</DisplayName>
            </OptionNumeric>
            
            <OptionNumeric name='hardredstoneSize' default='1'  min='0' max='5' displayState=':= if(?advOptions,"shown","hidden")' displayGroup='groupHarderOres'>
                <Description> Size multiplier for Redstone distributions </Description>
                <DisplayName>Redstone Size</DisplayName>
            </OptionNumeric>
                
        </ConfigSection>
        
        <!--*****************   Diamond   **********************-->
        <ConfigSection>
        
            <OptionChoice name='harddiamondDist' default='layeredVeins' displayState=':= if(blockExists("HarderOres:ore_diamond"),"shown","hidden")' displayGroup='groupHarderOres'>
                <Description> Controls how Diamonds are generated </Description>
                <DisplayName>Hard Diamond Type</DisplayName>
                <Choice value='layeredVeins' displayValue='Veins'>
                    <Description>
                        Short lava-filled tubes extending upward from bedrock with diamonds around the edges.
                    </Description>
                </Choice>
                <Choice value='strategicClouds' displayValue='Clouds'>
                    <Description>
                        Uncommon, sparsely populated clouds of ore covering roughly one chunk.
                    </Description>
                </Choice>
                <Choice value='vanillaStdGen' displayValue='Clusters'>
                    <Description>
                        Small clusters of ore scattered evenly from bedrock about one quarter of the way to the surface.  This is the vanilla diamond generation.
                    </Description>
                </Choice>
                <Choice value='none' displayValue='None' description='No diamonds are generated at all.'/>
            </OptionChoice>
            
            <OptionNumeric name='harddiamondFreq' default='1'  min='0' max='5' displayState=':= if(?advOptions,"shown","hidden")' displayGroup='groupHarderOres'>
                <Description> Frequency multiplier for Diamond distributions </Description>
                <DisplayName>Diamond Freq.</DisplayName>
            </OptionNumeric>
            
            <OptionNumeric name='harddiamondSize' default='1'  min='0' max='5' displayState=':= if(?advOptions,"shown","hidden")' displayGroup='groupHarderOres'>
                <Description> Size multiplier for Diamond distributions </Description>
                <DisplayName>Diamond Size</DisplayName>
            </OptionNumeric>
                
        </ConfigSection>
        
        <!--***************   Lapis Lazuli   *******************-->
        <ConfigSection>
        
            <OptionChoice name='hardlapisDist' default='layeredVeins' displayState='shown' displayGroup='groupHarderOres'>
                <Description> Controls how Lapis Lazuli is generated </Description>
                <DisplayName>Lapis Lazuli Type</DisplayName>
                <Choice value='layeredVeins' displayValue='Veins'>
                    <Description>
                        Single vertical veins starting near bedrock and extending about halfway to the surface.  Most common under ocean floors.
                    </Description>
                </Choice>
                <Choice value='strategicClouds' displayValue='Clouds'>
                    <Description>
                        Rare, sparsely populated clouds of ore extending over several chunks.  Found only under oceans.
                    </Description>
                </Choice>
                <Choice value='vanillaStdGen' displayValue='Clusters'>
                    <Description>
                        Small clusters of ore scattered evenly from bedrock about halfway to the surface.  This is the vanilla lapis lazuli generation.
                    </Description>
                </Choice>
                <Choice value='none' displayValue='None' description='No lapis lazuli is generated at all.'/>
            </OptionChoice>
            
            <OptionNumeric name='hardlapisFreq' default='1'  min='0' max='5' displayState=':= if(?advOptions,"shown","hidden")' displayGroup='groupHarderOres'>
                <Description> Frequency multiplier for Lapis Lazuli distributions </Description>
                <DisplayName>Lapis Lazuli Freq.</DisplayName>
            </OptionNumeric>
            
            <OptionNumeric name='hardlapisSize' default='1'  min='0' max='5' displayState=':= if(?advOptions,"shown","hidden")' displayGroup='groupHarderOres'>
                <Description> Size multiplier for Lapis Lazuli distributions </Description>
                <DisplayName>Lapis Lazuli Size</DisplayName>
            </OptionNumeric>
                        
        </ConfigSection>
        
        <!--*****************   Emerald   **********************-->
        <ConfigSection>
        
            <OptionChoice name='hardemeraldDist' default='layeredVeins' displayState='shown' displayGroup='groupHarderOres'>
                <Description> Controls how Emeralds are generated </Description>
                <DisplayName>Hard Emerald Type</DisplayName>
                <Choice value='layeredVeins' displayValue='Veins'>
                    <Description>
                        Short sloping tubes filled sparsely with emeralds and a few ... surprises.  Vastly more common under open grassy hills.
                    </Description>
                </Choice>
                <Choice value='strategicClouds' displayValue='Clouds'>
                    <Description>
                        Uncommon, sparsely populated clouds of ore covering roughly one chunk.  Found only under open grassy hills.
                    </Description>
                </Choice>
                <Choice value='vanillaStdGen' displayValue='Clusters'>
                    <Description>
                        Single blocks scattered near bedrock under open grassy highlands.  This is the vanilla emerald generation.
                    </Description>
                </Choice>
                <Choice value='none' displayValue='None' description='No emeralds are generated at all.'/>
            </OptionChoice>
            
            <OptionNumeric name='hardemeraldFreq' default='1'  min='0' max='5' displayState=':= if(?advOptions,"shown","hidden")' displayGroup='groupHarderOres'>
                <Description> Frequency multiplier for Emerald distributions </Description>
                <DisplayName>Emerald Freq.</DisplayName>
            </OptionNumeric>
            
            <OptionNumeric name='hardemeraldSize' default='1'  min='0' max='5' displayState=':= if(?advOptions,"shown","hidden")' displayGroup='groupHarderOres'>
                <Description> Size multiplier for Emerald distributions </Description>
                <DisplayName>Emerald Size</DisplayName>
            </OptionNumeric>
            
        </ConfigSection>
        
     </ConfigSection>
   
    <!--*****************************   Distributions   *************************
    *   
    *   Below are the actual distributions for the vanilla ores in the
    *   overworld and mystcraft ages.  There are currently 3 types of
    *   distribution for each ore:
    *     Layered Veins:  
    *       Some form of veins or clusters arranged loosely by height and
    *       more common in affiliated biomes.
    *     Strategic Clouds:  
    *       Huge, rare, low-density clouds.  Size and frequency are
    *       fairly consistent; density is varied to reflect ore rarity.
    *       May be surrounded by a scattering of single blocks as
    *       hints to help guide players in.
    *     Vanilla Clusters:
    *       A re-creation of the vanilla ore generation using the
    *       StandardGen algorithm.
    *
    **************************************************************************-->
    <IfCondition condition=':= ?COGActive'>
        
      <!--**********   Vanilla Deposit Removal   *************-->
      <IfCondition condition=':= vanillaOreGen'>
        <Substitute name='StandardOreSubstitute' block='minecraft:stone'>
            <Description>
                Replace vanilla-generated ore clusters with stone.
            </Description>
            <Comment>
                The global option harddeferredPopulationRange must be large enough to catch all ore clusters (>= 32).
            </Comment>
            <Replaces block='minecraft:coal_ore'/>
            <Replaces block='minecraft:iron_ore'/>
            <Replaces block='minecraft:gold_ore'/>
            <Replaces block='minecraft:redstone_ore'/>
            <Replaces block='minecraft:diamond_ore'/>
            <Replaces block='minecraft:lapis_ore'/>
            <Replaces block='minecraft:emerald_ore'/>
        </Substitute>
      </IfCondition>
        
        <!--*******************   Coal   ***********************-->
        <ConfigSection>
        	<StandardGen name='CoalStandard' inherits='PresetStandardGen' block='minecraft:stone'> 
				<Setting name='Frequency' avg='0' range='0'/>
			</StandardGen>
			<Veins name='CoalVeins' inherits='PresetLayeredVeins' block='minecraft:stone'> 
				<Setting name='MotherlodeFrequency' avg='0' range='0'/>
			</Veins>
			<Veins name='CoalVeinsSwamp' inherits='PresetLayeredVeins' block='minecraft:stone'> 
				<Setting name='MotherlodeFrequency' avg='0' range='0'/>
			</Veins>
			<Veins name='vnlaCoalBaseVeins' inherits='PresetLayeredVeins' block='minecraft:stone'> 
				<Setting name='MotherlodeFrequency' avg='0' range='0'/>
			</Veins>
			<Veins name='vnlaCoalPrefersVeins' inherits='PresetLayeredVeins' block='minecraft:stone'> 
				<Setting name='MotherlodeFrequency' avg='0' range='0'/>
			</Veins>
			<Veins name='vnlaCoalBaseVeins' inherits='PresetLayeredVeins' block='minecraft:stone'> 
				<Setting name='MotherlodeFrequency' avg='0' range='0'/>
			</Veins>
			<Veins name='vnlaCoalPrefersVeins' inherits='PresetLayeredVeins' block='minecraft:stone'> 
				<Setting name='MotherlodeFrequency' avg='0' range='0'/>
			</Veins>
			<Cloud name='vnlaCoalBaseCloud' inherits='PresetStrategicCloud' block='minecraft:stone'> 
				<Setting name='DistributionFrequency' avg='0' range='0'/>
			</Cloud>
			<StandardGen name='vnlaCoalBaseStandard' inherits='PresetStandardGen' block='minecraft:stone'> 
				<Setting name='Frequency' avg='0' range='0'/>
			</StandardGen>
			<Cloud name='CoalCloud' inherits='PresetStrategicCloud' block='minecraft:stone'> 
				<Setting name='DistributionFrequency' avg='0' range='0'/>
			</Cloud>
            <IfCondition condition=':= hardcoalDist = "vanillaStdGen"'>
                <StandardGen name='hardCoalStandard' block='minecraft:coal_ore' inherits='PresetStandardGen'>
                    <Description> Equivalent to vanilla minecraft coal distribution </Description>
                    <DrawWireframe>:=drawWireframes</DrawWireframe>
                    <WireframeColor>0x60101010</WireframeColor>
                    <Setting name='Size' avg=':= 2 * hardcoalSize * _default_'/>
                    <Setting name='Frequency' avg=':= hardcoalFreq *  _default_'/>
                </StandardGen>
            </IfCondition>
            
            <IfCondition condition=':= hardcoalDist = "layeredVeins"'>
                <Veins name='hardCoalVeins' block='minecraft:coal_ore' inherits='PresetSparseVeins'>
                    <Description>
                        Coal spawns just near the surface, and up into hills and mountains.  The veins are
                        long and thick, but sparsely filled with ore and often broken up by caves or depressions
                        in the terrain.
                    </Description>
                    <DrawWireframe>:=drawWireframes</DrawWireframe>
                    <WireframeColor>0x60101010</WireframeColor>
                    <Setting name='MotherlodeFrequency'
                             avg=':= 10.7 * hardcoalFreq * _default_'/>
                    <Setting name='MotherlodeSize' avg=':= hardcoalSize * _default_' range=':= hardcoalSize * _default_'/>
                    <Setting name='MotherlodeHeight' avg='60'
                             range='10' scaleTo='sealevel'/>
                    <Setting name='BranchLength' avg=':= 0.45 * _default_' range=':= 0.45 * _default_'/>
                    <Setting name='BranchInclination' avg='0' range='0.35'/>
                    <Setting name='BranchHeightLimit' avg='10'/>
                    <Setting name='SegmentRadius' avg=':= hardcoalSize * _default_' range=':= hardcoalSize * _default_'/>
                    <Setting name='OreDensity' avg=':= 1.75 * _default_' range=':= _default_'/>
                </Veins>
                <Veins name='hardCoalVeinsSwamp' inherits='hardCoalVeins'>
                    <Description>  This roughly triples the chance of finding coal in a swamp. </Description>
                    <Setting name='MotherlodeFrequency' avg=':= 2 * _default_'/>
                    <Setting name='MotherlodeHeight' avg=':= _default_' range=':= 2 * _default_'/>
                    <Setting name='BranchHeightLimit' avg=':= 2 * _default_'/>
                    <BiomeSet inherits='coalBiomes' />
                </Veins>
            </IfCondition>
            
            <IfCondition condition=':= hardcoalDist = "strategicClouds"'>
                <Cloud name='hardCoalCloud' block='minecraft:coal_ore' inherits='PresetStrategicCloud'>
                    <Description>
                        Diffuse coal cloud surrounded by single-block "hint" veins, found in swamps.
                    </Description>
                    <DrawWireframe>:=drawWireframes</DrawWireframe>
                    <WireframeColor>0x60101010</WireframeColor>
                    <Setting name='DistributionFrequency' avg=':= 5 * hardcoalFreq *_default_'/>
                    <Setting name='CloudRadius' avg=':= 1.2 * hardcoalSize * _default_' range=':= 1.2 * hardcoalSize * _default_'/>
                    <Setting name='CloudThickness' avg=':= hardcoalSize * _default_' range=':= hardcoalSize * _default_'/>
                    <Setting name='OreDensity' avg=':= 0.75 * _default_'/>
                    <BiomeSet inherits='coalBiomes' />
                    <Veins name='hardCoalHintVeins' block='minecraft:coal_ore' inherits='PresetHintVeins'>
                        <DrawWireframe>:=drawWireframes</DrawWireframe>
                        <WireframeColor>0x60101010</WireframeColor>
                        <Setting name='MotherlodeFrequency' avg=':= 1.2 * _default_' range=':= _default_'/>
                        <Setting name='MotherlodeRangeLimit' avg=':= hardcoalSize * _default_' range=':= hardcoalSize * _default_'/>
                    </Veins>
                </Cloud>
            </IfCondition>
            
        </ConfigSection>
                
        <!--*******************   Iron   ***********************-->
        <ConfigSection>
        	<StandardGen name='IronStandard' inherits='PresetStandardGen' block='minecraft:stone'> 
				<Setting name='Frequency' avg='0' range='0'/>
			</StandardGen>
			<Veins name='IronVeins' inherits='PresetLayeredVeins' block='minecraft:stone'> 
				<Setting name='MotherlodeFrequency' avg='0' range='0'/>
			</Veins>
			<Veins name='IronVeinsCold' inherits='PresetLayeredVeins' block='minecraft:stone'> 
				<Setting name='MotherlodeFrequency' avg='0' range='0'/>
			</Veins>
			<Veins name='vnlaIronBaseVeins' inherits='PresetLayeredVeins' block='minecraft:stone'> 
				<Setting name='MotherlodeFrequency' avg='0' range='0'/>
			</Veins>
			<Veins name='vnlaIronPrefersVeins' inherits='PresetLayeredVeins' block='minecraft:stone'> 
				<Setting name='MotherlodeFrequency' avg='0' range='0'/>
			</Veins>
			<Veins name='vnlaIronBaseVeins' inherits='PresetLayeredVeins' block='minecraft:stone'> 
				<Setting name='MotherlodeFrequency' avg='0' range='0'/>
			</Veins>
			<Veins name='vnlaIronPrefersVeins' inherits='PresetLayeredVeins' block='minecraft:stone'> 
				<Setting name='MotherlodeFrequency' avg='0' range='0'/>
			</Veins>
			<Cloud name='vnlaIronBaseCloud' inherits='PresetStrategicCloud' block='minecraft:stone'> 
				<Setting name='DistributionFrequency' avg='0' range='0'/>
			</Cloud>
			<StandardGen name='vnlaIronBaseStandard' inherits='PresetStandardGen' block='minecraft:stone'> 
				<Setting name='Frequency' avg='0' range='0'/>
			</StandardGen>
			<Cloud name='IronCloud' inherits='PresetStrategicCloud' block='minecraft:stone'> 
				<Setting name='DistributionFrequency' avg='0' range='0'/>
			</Cloud>
            <IfCondition condition=':= hardironDist = "vanillaStdGen"'>
                <StandardGen name='hardIronStandard' block='HarderOres:ore_iron:9' inherits='PresetStandardGen'>
                    <Description> Equivalent to vanilla minecraft iron distribution </Description>
                    <DrawWireframe>:=drawWireframes</DrawWireframe>
                    <WireframeColor>0x40221100</WireframeColor>
                    <Setting name='Size' avg=':= hardironSize * _default_'/>
                    <Setting name='Frequency' avg=':= hardironFreq * _default_'/>
                    <Setting name='Height' avg='32' range='32' scaleTo='sealevel'/>
                </StandardGen>
            </IfCondition>
            
            <IfCondition condition=':= hardironDist = "layeredVeins"'>
				<VeinsPreset name='CustomizedBigIron' block='HarderOres:ore_iron:15' inherits='PresetHugeVeins'>
                    <Description>
                        Iron spawns in the height 30-50 range.  The veins are average in length and size.
                        Changes:
                        1. This is a preset. This is for defining some stuff and changing some defaults.
                        2. Motherlode is created, along with "Extra thin" veins at 15.
                        3. Then "normal" veins at 11
                        4. Then "thicker" veins at 6.
                        5. Finally, "thickest" (fixed radius of 1.8)
                        .. Radius of 1.74-ish should be sufficient to guarantee no gaps even on diagonals.
                           going to use a slightly larger amount just in case there is a turn at
                           a diagonal gap. The "thickest" veins at 1 are supposed to be followable.
                        6. Base motherlode frequency is raised by a factor of 3. Seriously, before they
                           were 1/100th as common as normal veins; that's kinda crazy. To put it in
                           perspective: a given biome blob (256 blocks by 256 blocks, or 16 chunks
                           by 16 chunks, or 256 chunks on average) would expect less than one normal
                           vein (every 400 chunks); the base for this is every 40,000 chunks or about
                           every 125 biomes. This should be about every 40 biomes. Still crazy rare,
                           but no longer insane.
                    </Description>
                    <DrawWireframe>:=drawWireframes</DrawWireframe>
                    <WireframeColor>0x40221100</WireframeColor>
                    <Setting name='MotherlodeFrequency' avg=':= 0.9 * hardironFreq * _default_ * 3.0'/>
                    <Setting name='MotherlodeSize' avg=':= hardironSize * _default_' range=':= hardironSize * _default_'/>
                    <Setting name='MotherlodeHeight' avg=':= 50/64 * dimension.groundLevel' range=':= 5/64 * dimension.groundLevel' type='normal'/>
                    <Setting name='BranchHeightLimit' avg='30'/>
					<Setting name='BranchInclination' avg='0.0' range='0.03' />
					<Setting name='SegmentAngle' avg='0' range='1.0' type='inverse' />
					<Setting name='SegmentPitch' avg='0' range='0.06' type='normal' />
					<Setting name='SegmentLength' avg=':= 0.5 * _default_' />
					<Setting name='SegmentForkFrequency' avg='0.01' />
                    <Setting name='SegmentRadius' avg=':= hardironSize * _default_' range=':= hardironSize * _default_'/>
                    <ReplacesOre block='stone'/>
                    <ReplacesOre block='ganyssurface:.*' weight='-1'/>
                    <!--<Replaces block='minecraft:gravel'/>-->
                    <!--<Replaces block='minecraft:dirt'/>-->
                </VeinsPreset>
                <Veins name='hardIronVeins1' inherits='CustomizedBigIron' block='HarderOres:ore_iron:15' >
                    <seed> 72369 </seed> <!-- Arbitrary; keep consistent -->
                    <!-- Start forcing these veins to be wider! -->
                    <Setting name='SegmentRadius' avg=':= min(0.2, 1.0 * _default_)' range=':= min(0, 1 * _default_)' />
                    <!-- Center of the motherlode is the big stuff, edge is one notch less -->
                    <Setting name='MotherlodeSize' avg=':= 0.8 * _default_' range=':= _default_' />
                </Veins>
                <Veins name='hardIronVeins2' inherits='CustomizedBigIron' block='HarderOres:ore_iron:9' >
                    <seed> 72369 </seed> <!-- Arbitrary; keep consistent -->
                    <!-- Start forcing these veins to be wider! -->
                    <Setting name='SegmentRadius' avg=':= min(0.4, 2.0 * _default_)' range=':= min(0, 1.25 * _default_)' />
                    <!-- Center of the motherlode is the big stuff, edge is one notch less -->
                    <Setting name='MotherlodeSize' avg=':= 1.0 * _default_' range=':= _default_' />
                </Veins>
                <Veins name='hardIronVeins3' inherits='CustomizedBigIron' block='HarderOres:ore_iron:6' >
                    <seed> 72369 </seed> <!-- Arbitrary; keep consistent -->
                    <!-- Now the segments are noticeable -->
                    <Setting name='SegmentRadius' avg=':= min(0.8, 4.0 * _default_)' range=':= min(0, 2.0 * _default_)' />
                </Veins>
                <Veins name='hardIronVeins4' inherits='CustomizedBigIron' block='HarderOres:ore_iron:1' >
                    <seed> 72369 </seed> <!-- Arbitrary; keep consistent -->
                    <!-- And the segments are now "fully" joined with the "junk" level ore -->
                    <!-- This is a big enough radius to be "likely" to be joined most of the time -->
                    <!-- NB: It is possible for a diagonal 3d line to skip a few. -->
                    <Setting name='SegmentRadius' avg='0.8 ' range='0' />
                    <!-- Add some extra length, to make them even more noticeable -->
                    <Setting name='BranchLength' avg=':= 1.5 * _default_ ' />
                    <Veins name='hardIronHintVeins' block='HarderOres:ore_iron:1' inherits='PresetHintVeins'>
                        <DrawWireframe>:=drawWireframes</DrawWireframe>
                        <WireframeColor>0x40221100</WireframeColor>
                        <Setting name='MotherlodeFrequency' avg=':= 0.1 * _default_' range=':= _default_'/>
                        <Setting name='MotherlodeRangeLimit' avg=':= hardironSize * _default_' range=':= hardironSize * _default_'/>
                        <ReplacesOre block='stone'/>
                    	<ReplacesOre block='ganyssurface:.*' weight='-1'/>
                        <!--<Replaces block='minecraft:dirt'/>-->
                        <!--<Replaces block='minecraft:gravel'/>
                        <Replaces block='minecraft:clay'/>-->
                        <Replaces block='minecraft:sandstone'/>
                        <!--<Replaces block='minecraft:grass' />
                        <Replaces block='minecraft:mycelium' />
                        <Replaces block='minecraft:sand' />-->
                    </Veins>
                </Veins>
                
                
                <VeinsPreset name='CustomizedBigIronCold' inherits='CustomizedBigIron'>
                    <Description> A climate zone is about 16 biomes. 5 times as common should have 1-2
                                  of these per climate zone. Ideally, I'd make it one per, but the
                                  rarity of cold zones, and the likely chance of hitting the zero's ...
                                  EDIT: Or not; this is "cold", not "snowy", so the taiga forests
                                        are included. 5x may be too common then.
                    </Description>
                    <Setting name='MotherlodeFrequency' avg=':= 4 * _default_'/>
                    <Setting name='MotherlodeHeight' avg=':=_default_' range=':= 2 * _default_'/>
                    <Setting name='BranchHeightLimit' avg=':= 2 * _default_'/>
                    <BiomeSet inherits='ironBiomes' />
                </VeinsPreset>
            
            <!-- This is the first really good case for the "Preset groups" / "distribution group"
                 idea that I never fully fleshed out before. I want to apply these new alterations
                 to 4 other alterations. I cannot change their inherits, so I have to duplicate stuff. -->
            
                <Veins name='hardIronVeins1Cold' inherits='CustomizedBigIronCold' block='HarderOres:ore_iron:15' >
                    <seed> 272369 </seed> <!-- Arbitrary; keep consistent -->
                    <!-- Remember, these segments are thin! -->
                    <Setting name='SegmentRadius' avg=':= min(0.2, 1.0 * _default_)' range=':= min(0, 1 * _default_)' />
                    <!-- Center of the motherlode is the big stuff, edge is one notch less -->
                    <Setting name='MotherlodeSize' avg=':= 0.85 * _default_' range=':= _default_' />
                </Veins>
                <Veins name='hardIronVeins2Cold' inherits='CustomizedBigIronCold' block='HarderOres:ore_iron:9' >
                    <seed> 272369 </seed> <!-- Arbitrary; keep consistent -->
                    <!-- Start forcing these veins to be wider! -->
                    <Setting name='SegmentRadius' avg=':= min(0.2, 2.0 * _default_)' range=':= min(0, 1.25 * _default_)' />
                    <!-- Center of the motherlode is the big stuff, edge is one notch less -->
                    <Setting name='MotherlodeSize' avg=':= 1.0 * _default_' range=':= _default_' />
                </Veins>
                <Veins name='hardIronVeins3Cold' inherits='CustomizedBigIronCold' block='HarderOres:ore_iron:6' >
                    <seed> 272369 </seed> <!-- Arbitrary; keep consistent -->
                    <!-- Now the segments are noticeable -->
                    <Setting name='SegmentRadius' avg=':= min(0.4, 4.0 * _default_)' range=':= min(0, 2.0 * _default_)' />
                </Veins>
                <Veins name='hardIronVeins4Cold' inherits='CustomizedBigIronCold' block='HarderOres:ore_iron:1' >
                    <seed> 272369 </seed> <!-- Arbitrary; keep consistent -->
                    <!-- And the segments are now "fully" joined with the "junk" level ore -->
                    <!-- This is a big enough radius to be "likely" to be joined most of the time -->
                    <!-- NB: It is possible for a diagonal 3d line to skip a few. -->
                    <Setting name='SegmentRadius' avg='0.8 ' range='0' />
                    <!-- Add some extra length, to make them even more noticeable -->
                    <Setting name='BranchLength' avg=':= 1.5 * _default_ ' />
                </Veins>
            
            </IfCondition>

            <IfCondition condition=':= hardironDist = "strategicClouds"'>
                <Cloud name='hardIronCloud' block='minecraft:iron_ore' inherits='PresetStrategicCloud'>
                    <Description>
                        Diffuse iron cloud surrounded by single-block "hint" veins, found in cold biomes.
                    </Description>
                    <DrawWireframe>:=drawWireframes</DrawWireframe>
                    <WireframeColor>0x40221100</WireframeColor>
                    <Setting name='DistributionFrequency' avg=':= 2.5 * hardironFreq * _default_'/>
                    <Setting name='CloudRadius' avg=':= hardironSize * _default_' range=':= hardironSize * _default_'/>
                    <Setting name='CloudThickness' avg=':= hardironSize * _default_' range=':= hardironSize * _default_'/>
                    <BiomeSet inherits='ironBiomes' />
                    <Veins name='hardIronHintVeins' block='minecraft:iron_ore' inherits='PresetHintVeins'>
                        <DrawWireframe>:=drawWireframes</DrawWireframe>
                        <WireframeColor>0x40221100</WireframeColor>
                        <Setting name='MotherlodeFrequency' avg=':= _default_' range=':= _default_'/>
                        <Setting name='MotherlodeRangeLimit' avg=':= hardironSize * _default_' range=':= hardironSize * _default_'/>
                    </Veins>
                </Cloud>
            </IfCondition>
       
        </ConfigSection>
        
        <!--*******************   Gold   ***********************-->
        <ConfigSection>
        	<StandardGen name='GoldStandard' inherits='PresetStandardGen' block='minecraft:stone'> 
				<Setting name='Frequency' avg='0' range='0'/>
			</StandardGen>
			<Veins name='GoldVeins' inherits='PresetLayeredVeins' block='minecraft:stone'> 
				<Setting name='MotherlodeFrequency' avg='0' range='0'/>
			</Veins>
			<Veins name='GoldVeinsForest' inherits='PresetLayeredVeins' block='minecraft:stone'> 
				<Setting name='MotherlodeFrequency' avg='0' range='0'/>
			</Veins>
			<Veins name='vnlaGoldBaseVeins' inherits='PresetLayeredVeins' block='minecraft:stone'> 
				<Setting name='MotherlodeFrequency' avg='0' range='0'/>
			</Veins>
			<Veins name='vnlaGoldPrefersVeins' inherits='PresetLayeredVeins' block='minecraft:stone'> 
				<Setting name='MotherlodeFrequency' avg='0' range='0'/>
			</Veins>
			<Veins name='vnlaGoldBaseVeins' inherits='PresetLayeredVeins' block='minecraft:stone'> 
				<Setting name='MotherlodeFrequency' avg='0' range='0'/>
			</Veins>
			<Veins name='vnlaGoldPrefersVeins' inherits='PresetLayeredVeins' block='minecraft:stone'> 
				<Setting name='MotherlodeFrequency' avg='0' range='0'/>
			</Veins>
			<Cloud name='vnlaGoldBaseCloud' inherits='PresetStrategicCloud' block='minecraft:stone'> 
				<Setting name='DistributionFrequency' avg='0' range='0'/>
			</Cloud>
			<StandardGen name='vnlaGoldBaseStandard' inherits='PresetStandardGen' block='minecraft:stone'> 
				<Setting name='Frequency' avg='0' range='0'/>
			</StandardGen>
			<Cloud name='GoldCloud' inherits='PresetStrategicCloud' block='minecraft:stone'> 
				<Setting name='DistributionFrequency' avg='0' range='0'/>
			</Cloud>
            <IfCondition condition=':= hardgoldDist = "vanillaStdGen"'>
                <StandardGen name='hardGoldStandard' block='HarderOres:ore_gold:9' inherits='PresetStandardGen'>
                    <Description> Equivalent to vanilla minecraft gold distribution </Description>
                    <DrawWireframe>:=drawWireframes</DrawWireframe>
                    <WireframeColor>0x40443300</WireframeColor>
                    <Setting name='Size' avg=':= hardgoldSize * _default_'/>
                    <Setting name='Frequency' avg=':= 0.1 * hardgoldFreq * _default_'/>
                    <Setting name='Height' avg=':= 16/64 * dimension.groundLevel' range=':= 16/64 * dimension.groundLevel'/>
                </StandardGen>
            </IfCondition>
                
            <IfCondition condition=':= hardgoldDist = "layeredVeins"'>
                <VeinsPreset name='CustomizedBigGold' block='HarderOres:ore_gold:15' inherits='PresetHugeVeins'>
                    <Description>
                        Gold spawns in the height 30-50 range.  The veins are average in length and size.
                        Changes:
                        1. This is a preset. This is for defining some stuff and changing some defaults.
                        2. Motherlode is created, along with "Extra thin" veins at 15.
                        3. Then "normal" veins at 11
                        4. Then "thicker" veins at 6.
                        5. Finally, "thickest" (fixed radius of 1.8)
                        .. Radius of 1.74-ish should be sufficient to guarantee no gaps even on diagonals.
                           going to use a slightly larger amount just in case there is a turn at
                           a diagonal gap. The "thickest" veins at 1 are supposed to be followable.
                        6. Base motherlode frequency is raised by a factor of 3. Seriously, before they
                           were 1/100th as common as normal veins; that's kinda crazy. To put it in
                           perspective: a given biome blob (256 blocks by 256 blocks, or 16 chunks
                           by 16 chunks, or 256 chunks on average) would expect less than one normal
                           vein (every 400 chunks); the base for this is every 40,000 chunks or about
                           every 125 biomes. This should be about every 40 biomes. Still crazy rare,
                           but no longer insane.
                    </Description>
                    <DrawWireframe>:=drawWireframes</DrawWireframe>
                    <WireframeColor>0x40f0b91d</WireframeColor>
                    <Setting name='MotherlodeFrequency' avg=':= 0.9 * hardgoldFreq * _default_ * 3.0'/>
                    <Setting name='MotherlodeSize' avg=':= hardgoldSize * _default_' range=':= hardgoldSize * _default_'/>
                    <Setting name='MotherlodeHeight' avg=':= 25/64 * dimension.groundLevel' range=':= 5/64 * dimension.groundLevel' type='normal'/>
                    <!-- <Setting name='MotherlodeHeight' avg='43'
                             range='10.5' type='normal' scaleTo='sealevel'/> -->
					<Setting name='BranchInclination' avg='0.1' range='0.15' />
					<Setting name='SegmentAngle' avg='0' range='0.65' type='inverse' />
					<Setting name='SegmentPitch' avg='0' range='0.1' />
                    <Setting name='BranchHeightLimit' avg='20'/>
                    <Setting name='SegmentRadius' avg=':= hardgoldSize * _default_' range=':= hardgoldSize * _default_'/>
                    <ReplacesOre block='stone'/>
                    <ReplacesOre block='ganyssurface:.*' weight='-1'/>
                    <!--<Replaces block='minecraft:gravel'/>-->
                    <!--<Replaces block='minecraft:dirt'/>-->
                </VeinsPreset>
                <Veins name='hardGoldVeins1' inherits='CustomizedBigGold' block='HarderOres:ore_gold:15' >
                    <seed> 23891 </seed> <!-- Arbitrary; keep consistent -->
                    <!-- Remember, these segments are thin! -->
                    <Setting name='SegmentRadius' avg=':= min(0.1, 1.0 * _default_)' range=':= min(0, 1 * _default_)' />
                    <!-- Center of the motherlode is the big stuff, edge is one notch less -->
                    <Setting name='MotherlodeSize' avg=':= 0.85 * _default_' range=':= _default_' />
                </Veins>
                <Veins name='hardGoldVeins2' inherits='CustomizedBigGold' block='HarderOres:ore_gold:9' >
                    <seed> 23891 </seed> <!-- Arbitrary; keep consistent -->
                    <!-- Start forcing these veins to be wider! -->
                    <Setting name='SegmentRadius' avg=':= min(0.2, 2.0 * _default_)' range=':= min(0, 1.25 * _default_)' />
                    <!-- Center of the motherlode is the big stuff, edge is one notch less -->
                    <Setting name='MotherlodeSize' avg=':= 1.0 * _default_' range=':= _default_' />
                </Veins>
                <Veins name='hardGoldVeins3' inherits='CustomizedBigGold' block='HarderOres:ore_gold:6' >
                    <seed> 23891 </seed> <!-- Arbitrary; keep consistent -->
                    <!-- Now the segments are noticeable -->
                    <Setting name='SegmentRadius' avg=':= min(0.4, 4.0 * _default_)' range=':= min(0, 2.0 * _default_)' />
                </Veins>
                <Veins name='hardGoldVeins4' inherits='CustomizedBigGold' block='HarderOres:ore_gold:1' >
                    <seed> 23891 </seed> <!-- Arbitrary; keep consistent -->
                    <!-- And the segments are now "fully" joined with the "junk" level ore -->
                    <!-- This is a big enough radius to be "likely" to be joined most of the time -->
                    <!-- NB: It is possible for a diagonal 3d line to skip a few. -->
                    <Setting name='SegmentRadius' avg='0.8 ' range='0' />
                    <!-- Add some extra length, to make them even more noticeable -->
                    <Setting name='BranchLength' avg=':= 1.5 * _default_ ' />
                    <Veins name='hardGoldHintVeins' block='HarderOres:ore_gold:1' inherits='PresetHintVeins'>
                        <DrawWireframe>:=drawWireframes</DrawWireframe>
                        <WireframeColor>0x40f0b91d</WireframeColor>
                        <Setting name='MotherlodeFrequency' avg=':= 0.05 * _default_' range=':= _default_'/>
                        <Setting name='MotherlodeRangeLimit' avg=':= hardgoldSize * _default_' range=':= hardgoldSize * _default_'/>
                        <ReplacesOre block='stone'/>
                    	<ReplacesOre block='ganyssurface:.*' weight='-1'/>
                        <!--<Replaces block='minecraft:dirt'/>-->
                        <!--<Replaces block='minecraft:gravel'/>
                        <Replaces block='minecraft:clay'/>-->
                        <Replaces block='minecraft:sandstone'/>
                        <!--<Replaces block='minecraft:grass' />
                        <Replaces block='minecraft:mycelium' />
                        <Replaces block='minecraft:sand' />-->
                    </Veins>
                </Veins>
                
                
                <VeinsPreset name='CustomizedBigGoldForest' inherits='CustomizedBigGold'>
                    <Description> A climate zone is about 16 biomes. 5 times as common should have 1-2
                                  of these per climate zone.
                    </Description>
                    <Setting name='MotherlodeFrequency' avg=':= 2 * _default_'/>
                    <Setting name='MotherlodeHeight' avg=':=_default_' range=':= _default_'/>
                    <Setting name='BranchHeightLimit' avg=':= _default_'/>
                    <BiomeSet inherits='goldBiomes' />
                </VeinsPreset>
            
            <!-- This is the first really good case for the "Preset groups" / "distribution group"
                 idea that I never fully fleshed out before. I want to apply these new alterations
                 to 4 other alterations. I cannot change their inherits, so I have to duplicate stuff. -->
            
                <Veins name='hardGoldVeins1Forest' inherits='CustomizedBigGoldForest' block='HarderOres:ore_gold:15' >
                    <seed> 223891 </seed> <!-- Arbitrary; keep consistent -->
                    <!-- Remember, these segments are thin! -->
                    <Setting name='SegmentRadius' avg=':= min(0.2, 1.0 * _default_)' range=':= min(0, 1 * _default_)' />
                    <!-- Center of the motherlode is the big stuff, edge is one notch less -->
                    <Setting name='MotherlodeSize' avg=':= 0.85 * _default_' range=':= _default_' />
                </Veins>
                <Veins name='hardGoldVeins2Forest' inherits='CustomizedBigGoldForest' block='HarderOres:ore_gold:9' >
                    <seed> 223891 </seed> <!-- Arbitrary; keep consistent -->
                    <!-- Start forcing these veins to be wider! -->
                    <Setting name='SegmentRadius' avg=':= min(0.2, 2.0 * _default_)' range=':= min(0, 1.25 * _default_)' />
                    <!-- Center of the motherlode is the big stuff, edge is one notch less -->
                    <Setting name='MotherlodeSize' avg=':= 1.0 * _default_' range=':= _default_' />
                </Veins>
                <Veins name='hardGoldVeins3Forest' inherits='CustomizedBigGoldForest' block='HarderOres:ore_gold:6' >
                    <seed> 223891 </seed> <!-- Arbitrary; keep consistent -->
                    <!-- Now the segments are noticeable -->
                    <Setting name='SegmentRadius' avg=':= min(0.4, 4.0 * _default_)' range=':= min(0, 2.0 * _default_)' />
                </Veins>
                <Veins name='hardGoldVeins4Forest' inherits='CustomizedBigGoldForest' block='HarderOres:ore_gold:1' >
                    <seed> 223891 </seed> <!-- Arbitrary; keep consistent -->
                    <!-- And the segments are now "fully" joined with the "junk" level ore -->
                    <!-- This is a big enough radius to be "likely" to be joined most of the time -->
                    <!-- NB: It is possible for a diagonal 3d line to skip a few. -->
                    <Setting name='SegmentRadius' avg='0.8 ' range='0' />
                    <!-- Add some extra length, to make them even more noticeable -->
                    <Setting name='BranchLength' avg=':= 1.5 * _default_ ' />
                </Veins>
            
            </IfCondition>
                
            <IfCondition condition=':= hardgoldDist = "strategicClouds"'>
                <Cloud name='hardGoldCloud' block='HarderOres:ore_gold:15' inherits='PresetStrategicCloud'>
                    <Description>
                        Diffuse gold cloud surrounded by single-block "hint" veins, found in forest biomes.
                    </Description>
                    <DrawWireframe>:=drawWireframes</DrawWireframe>
                    <WireframeColor>0x40f0b91d</WireframeColor>
                    <Setting name='DistributionFrequency' avg=':= 4.5 * hardgoldFreq * _default_'/>
                    <Setting name='CloudRadius' avg=':= 0.8 * hardgoldSize * _default_' range=':= 0.8 * hardgoldSize * _default_'/>
                    <Setting name='CloudThickness' avg=':= 0.8 * hardgoldSize * _default_' range=':= hardgoldSize * _default_'/>
                    <Setting name='OreDensity' avg=':= 0.3 * _default_'/>
                    <BiomeSet inherits='goldBiomes' />
                    <Veins name='hardGoldHintVeins' block='HarderOres:ore_gold:3' inherits='PresetHintVeins'>
                        <DrawWireframe>:=drawWireframes</DrawWireframe>
                        <WireframeColor>0x40f0b91d</WireframeColor>
                        <Setting name='MotherlodeFrequency' avg=':= 0.3 * _default_' range=':= _default_'/>
                        <Setting name='MotherlodeRangeLimit' avg=':= 0.75 * hardgoldSize * _default_' range=':= 0.65 * hardgoldSize * _default_'/>
                    </Veins>
                </Cloud>
            </IfCondition>
       
        </ConfigSection>
        
        <!--*****************   Redstone   *********************-->
        <ConfigSection>
       
        	<StandardGen name='RedstoneStandard' inherits='PresetStandardGen' block='minecraft:stone'> 
				<Setting name='Frequency' avg='0' range='0'/>
			</StandardGen>
			<Veins name='RedstoneVeins' inherits='PresetLayeredVeins' block='minecraft:stone'> 
				<Setting name='MotherlodeFrequency' avg='0' range='0'/>
			</Veins>
			<Veins name='RedstoneVeinsDesert' inherits='PresetLayeredVeins' block='minecraft:stone'> 
				<Setting name='MotherlodeFrequency' avg='0' range='0'/>
			</Veins>
			<Veins name='vnlaRedstoneBaseParentVeins' inherits='PresetLayeredVeins' block='minecraft:stone'> 
				<Setting name='MotherlodeFrequency' avg='0' range='0'/>
			</Veins>
			<Veins name='vnlaRedstonePrefersParentVeins' inherits='PresetLayeredVeins' block='minecraft:stone'> 
				<Setting name='MotherlodeFrequency' avg='0' range='0'/>
			</Veins>
			<Veins name='vnlaRedstoneBaseVeins' inherits='PresetLayeredVeins' block='minecraft:stone'> 
				<Setting name='MotherlodeFrequency' avg='0' range='0'/>
			</Veins>
			<Veins name='vnlaRedstonePrefersVeins' inherits='PresetLayeredVeins' block='minecraft:stone'> 
				<Setting name='MotherlodeFrequency' avg='0' range='0'/>
			</Veins>
			<Cloud name='vnlaRedstoneBaseCloud' inherits='PresetStrategicCloud' block='minecraft:stone'> 
				<Setting name='DistributionFrequency' avg='0' range='0'/>
			</Cloud>
			<StandardGen name='vnlaRedstoneBaseStandard' inherits='PresetStandardGen' block='minecraft:stone'> 
				<Setting name='Frequency' avg='0' range='0'/>
			</StandardGen>
			<Cloud name='RedstoneCloud' inherits='PresetStrategicCloud' block='minecraft:stone'> 
				<Setting name='DistributionFrequency' avg='0' range='0'/>
			</Cloud>
            <IfCondition condition=':= hardredstoneDist = "vanillaStdGen"'>
                <StandardGen name='hardRedstoneStandard' block='minecraft:redstone_ore' inherits='PresetStandardGen'>
                    <Description> Equivalent to vanilla minecraft redstone distribution </Description>
                    <DrawWireframe>:=drawWireframes</DrawWireframe>
                    <WireframeColor>0x40550000</WireframeColor>
                    <Setting name='Size' avg=':= 7/8 * hardredstoneSize * _default_'/>
                    <Setting name='Frequency' avg=':= 0.4 * hardredstoneFreq * _default_'/>
                    <Setting name='Height' avg=':= 8/64 * dimension.groundLevel' range=':= 8/64 * dimension.groundLevel'/>
                </StandardGen>
            </IfCondition>
                
            <IfCondition condition=':= hardredstoneDist = "layeredVeins"'>
                <Veins name='hardRedstoneVeins' block='HarderOres:ore_redstone' inherits='PresetVerticalVeins'>
                    <Description>
                        Isolated veins (no motherlodes) that run vertically.  These veins are fairly common, but a challenge to mine because you have to tunnel straight down.
                    </Description>
                    <DrawWireframe>:=drawWireframes</DrawWireframe>
                    <WireframeColor>0x40550000</WireframeColor>
                    <Setting name='MotherlodeFrequency' avg=':= 1.3 * hardredstoneFreq * _default_'/>
                    <Setting name='SegmentRadius' avg=':= hardredstoneSize * _default_' range=':= hardredstoneSize * _default_'/>
                </Veins>
                <Veins name='hardRedstoneVeinsDesert' inherits='hardRedstoneVeins'>
                    <Description> This roughly triples the chance of finding redstone in deserts. </Description>
                    <Setting name='MotherlodeFrequency' avg=':= 0.75 * _default_'/>
                    <ReplacesOre block='stone'/>
                    <ReplacesOre block='ganyssurface:.*' weight='-1'/>
                    <Replaces block='minecraft:sandstone'/>
                    <BiomeSet inherits='redstoneBiomes' />
                </Veins>
            </IfCondition>
                
            <IfCondition condition=':= hardredstoneDist = "strategicClouds"'>
                <Cloud name='hardRedstoneCloud' block='HarderOres:ore_redstone' inherits='PresetStrategicCloud'>
                    <Description>
                        Diffuse redstone cloud surrounded by single-block "hint" veins, found in deserts.
                    </Description>
                    <DrawWireframe>:=drawWireframes</DrawWireframe>
                    <WireframeColor>0x40550000</WireframeColor>
                    <Setting name='DistributionFrequency' avg=':= 4.5 * hardredstoneFreq * _default_'/>
                    <Setting name='CloudRadius' avg=':= 0.65 * hardredstoneSize * _default_' range=':= 0.5 * hardredstoneSize * _default_'/>
                    <Setting name='CloudThickness' avg=':= 0.7 * hardredstoneSize * _default_' range=':= 0.7 * hardredstoneSize * _default_'/>
                    <BiomeSet inherits='redstoneBiomes' />
                    <Veins name='hardRedstoneHintVeins' block='HarderOres:ore_redstone' inherits='PresetHintVeins'>
                        <DrawWireframe>:=drawWireframes</DrawWireframe>
                        <WireframeColor>0x40550000</WireframeColor>
                        <Setting name='MotherlodeFrequency' avg=':= 0.7 * _default_' range=':= _default_'/>
                        <Setting name='MotherlodeRangeLimit' avg=':= 0.65 * hardredstoneSize * _default_' range=':= 0.65 * hardredstoneSize * _default_'/>
                        <ReplacesOre block='stone'/>
                    	<ReplacesOre block='ganyssurface:.*' weight='-1'/>
                        <Replaces block='minecraft:sandstone'/>
                    </Veins>
                </Cloud>
            </IfCondition>
        
        </ConfigSection>
        
        <!--*****************   Diamond   **********************-->
        <ConfigSection>
        	<StandardGen name='DiamondStandard' inherits='PresetStandardGen' block='minecraft:stone'> 
				<Setting name='Frequency' avg='0' range='0'/>
			</StandardGen>
			<Veins name='DiamondVeins' inherits='PresetLayeredVeins' block='minecraft:stone'> 
				<Setting name='MotherlodeFrequency' avg='0' range='0'/>
			</Veins>
			<Veins name='vnlaDiamondBaseVeins' inherits='PresetLayeredVeins' block='minecraft:stone'> 
				<Setting name='MotherlodeFrequency' avg='0' range='0'/>
			</Veins>
			<Veins name='vnlaDiamondBasePipe' inherits='PresetLayeredVeins' block='minecraft:stone'> 
				<Setting name='MotherlodeFrequency' avg='0' range='0'/>
			</Veins>
			<Veins name='vnlaDiamondBaseVeins' inherits='PresetLayeredVeins' block='minecraft:stone'> 
				<Setting name='MotherlodeFrequency' avg='0' range='0'/>
			</Veins>
			<Cloud name='vnlaDiamondBaseCloud' inherits='PresetStrategicCloud' block='minecraft:stone'> 
				<Setting name='DistributionFrequency' avg='0' range='0'/>
			</Cloud>
			<StandardGen name='vnlaDiamondBaseStandard' inherits='PresetStandardGen' block='minecraft:stone'> 
				<Setting name='Frequency' avg='0' range='0'/>
			</StandardGen>
			<Veins name='DiamondVeinsLava' inherits='PresetLayeredVeins' block='minecraft:stone'> 
				<Setting name='MotherlodeFrequency' avg='0' range='0'/>
			</Veins>
			<Cloud name='DiamondCloud' inherits='PresetStrategicCloud' block='minecraft:stone'> 
				<Setting name='DistributionFrequency' avg='0' range='0'/>
			</Cloud>
            <IfCondition condition=':= harddiamondDist = "vanillaStdGen"'>
                <StandardGen name='hardDiamondStandard' block='HarderOres:ore_diamond:9' inherits='PresetStandardGen'>
                    <Description> Equivalent to vanilla minecraft diamond distribution </Description>
                    <DrawWireframe>:=drawWireframes</DrawWireframe>
                    <WireframeColor>0x40336699</WireframeColor>
                    <Setting name='Size' avg=':= 7/8 * harddiamondSize * _default_'/>
                    <Setting name='Frequency' avg=':= 1/20 * harddiamondFreq * _default_'/>
                    <Setting name='Height' avg=':= 8/64 * dimension.groundLevel' range=':= 8/64 * dimension.groundLevel'/>
                </StandardGen>
            </IfCondition>
                
            <IfCondition condition=':= harddiamondDist = "layeredVeins"'>
                <Veins name="hardDiamondVeins" block='HarderOres:ore_diamond:7' inherits='PresetPipeVeins' seed='0xF186'>
                    <Description> Short sparsely filled tubes starting at bedrock. </Description>
                    <DrawWireframe>:=drawWireframes</DrawWireframe>
                    <WireframeColor>0x40336699</WireframeColor>
                    <Setting name='MotherlodeFrequency' avg=':= 0.4 * harddiamondFreq * _default_'/> 
                    <Setting name='MotherlodeHeight' avg=':= 3/64 * dimension.groundLevel' range='0'/>
                    <Setting name='MotherlodeSize' avg=':= harddiamondSize * _default_' range=':= harddiamondSize * _default_'/>
                    <Setting name='SegmentRadius' avg=':= harddiamondSize * _default_' range=':= harddiamondSize * _default_'/>
                    <Setting name='OreDensity' avg=':= 1.0 * _default_'/>
                </Veins>
                <Veins name="hardDiamondVeinsLava" block='minecraft:lava' inherits='hardDiamondVeins' seed='0xF186'>
                    <Description> Fills center of each tube with lava, forming "kimberlite pipes" </Description>
                    <Setting name='MotherlodeSize' avg=':= 0.3 * _default_'/>
                    <Setting name='SegmentRadius' avg=':= 0.3 * _default_'/>
                    <Setting name='OreDensity' avg='1' range='0'/>
                    <ReplacesOre block='stone'/>
                    <ReplacesOre block='ganyssurface:.*' weight='-1'/>
                    <!--<Replaces block='minecraft:dirt'/>-->
                    <!--<Replaces block='minecraft:gravel'/>-->
                    <Replaces block='HarderOres:ore_diamond:7'/>
                </Veins>
                <Veins name="hardDiamondVeinsSilverfish" block='minecraft:monster_egg' inherits='hardDiamondVeins' seed='0xF186'>
                    <Description>
                        Surround the tubes with silverfish spawners.
                    </Description>
                    <Setting name='MotherlodeSize' avg=':= 1.5 * _default_'/>
                    <Setting name='SegmentRadius' avg=':= 1.5 * harddiamondSize * _default_'/>
                    <Setting name='OreDensity' avg='0.4' range='0'/>
                    <ReplacesOre block='stone'/>
                    <ReplacesOre block='ganyssurface:.*' weight='-1'/>
                    <!--<Replaces block='minecraft:dirt'/>-->
                    <!--<Replaces block='minecraft:gravel'/>-->
                </Veins>
            </IfCondition>
                
            <IfCondition condition=':= harddiamondDist = "strategicClouds"'>
                <Cloud name='hardDiamondCloud' block='HarderOres:ore_diamond:7' inherits='PresetStrategicCloud'>
                    <Description>  Diffuse diamond cloud with no internal density noise. </Description>
                    <DrawWireframe>:=drawWireframes</DrawWireframe>
                    <WireframeColor>0x40336699</WireframeColor>
                    <Setting name='DistributionFrequency' avg=':= 10 * harddiamondFreq * _default_'/>
                    <Setting name='CloudRadius' avg=':= 0.5 * harddiamondSize * _default_' range=':= 0.5 * harddiamondSize * _default_'/>
                    <Setting name='CloudThickness' avg=':= 0.2 * harddiamondSize * _default_' range=':= 0.17 * harddiamondSize * _default_'/>
                    <Setting name='CloudHeight' avg=':= 14/64 * dimension.groundLevel' range=':= 5/64 * dimension.groundLevel'/>
                    <Setting name='OreRadiusMult' avg='1' range='0.2'/>
                    <Setting name='OreDensity' avg=':= 0.4 * _default_'/>
                    <Setting name='OreVolumeNoiseCutoff' avg='0'/>
                </Cloud>
            </IfCondition>
        
        </ConfigSection>
        
        <!--***************   Lapis Lazuli   *******************-->
        <ConfigSection>
        	<StandardGen name='LapisLazuliStandard' inherits='PresetStandardGen' block='minecraft:stone'> 
				<Setting name='Frequency' avg='0' range='0'/>
			</StandardGen>
			<Veins name='LapisLazuliVeins' inherits='PresetLayeredVeins' block='minecraft:stone'> 
				<Setting name='MotherlodeFrequency' avg='0' range='0'/>
			</Veins>
			<Veins name='hardLapisLazuliVeinsOcean' inherits='PresetLayeredVeins' block='minecraft:stone'> 
				<Setting name='MotherlodeFrequency' avg='0' range='0'/>
			</Veins>
			<Veins name='vnlaLapisLazuliBaseParentVeins' inherits='PresetLayeredVeins' block='minecraft:stone'> 
				<Setting name='MotherlodeFrequency' avg='0' range='0'/>
			</Veins>
			<Veins name='vnlaLapisLazuliPrefersParentVeins' inherits='PresetLayeredVeins' block='minecraft:stone'> 
				<Setting name='MotherlodeFrequency' avg='0' range='0'/>
			</Veins>
			<Veins name='vnlaLapisLazuliBaseVeins' inherits='PresetLayeredVeins' block='minecraft:stone'> 
				<Setting name='MotherlodeFrequency' avg='0' range='0'/>
			</Veins>
			<Veins name='vnlaLapisLazuliPrefersVeins' inherits='PresetLayeredVeins' block='minecraft:stone'> 
				<Setting name='MotherlodeFrequency' avg='0' range='0'/>
			</Veins>
			<Cloud name='vnlaLapisLazuliBaseCloud' inherits='PresetStrategicCloud' block='minecraft:stone'> 
				<Setting name='DistributionFrequency' avg='0' range='0'/>
			</Cloud>
			<StandardGen name='vnlaLapisLazuliBaseStandard' inherits='PresetStandardGen' block='minecraft:stone'> 
				<Setting name='Frequency' avg='0' range='0'/>
			</StandardGen>
			<Cloud name='LapisLazuliCloud' inherits='PresetStrategicCloud' block='minecraft:stone'> 
				<Setting name='DistributionFrequency' avg='0' range='0'/>
			</Cloud>
            <IfCondition condition=':= hardlapisDist = "vanillaStdGen"'>
                <StandardGen name='hardLapisLazuliStandard' block='minecraft:lapis_ore' inherits='PresetStandardGen'>
                    <Description> Equivalent to vanilla minecraft lapis lazuli distribution </Description>
                    <DrawWireframe>:=drawWireframes</DrawWireframe>
                    <WireframeColor>0x40000055</WireframeColor>
                    <Setting name='Size' avg=':= 6/8 * hardlapisSize * _default_'/>
                    <Setting name='Frequency' avg=':= 0.05 * hardlapisFreq * _default_'/>
                    <Setting name='Height' avg=':= 16/64 * dimension.groundLevel' range=':= 16/64 * dimension.groundLevel' type='normal'/>
                </StandardGen>
            </IfCondition>
                
            <IfCondition condition=':= hardlapisDist = "layeredVeins"'>
                <Veins name='hardLapisLazuliVeins' block='minecraft:lapis_ore' inherits='PresetVerticalVeins'>
                    <Description>
                        Lapis Lazuli spawns in isolated veins that run vertically upward, much like redstone.  However,
                        lapis veins are too deep to break the suface except occassionally under oceans.
                    </Description>
                    <DrawWireframe>:=drawWireframes</DrawWireframe>
                    <WireframeColor>0x40000055</WireframeColor>
                    <Setting name='MotherlodeFrequency' avg=':= 0.4 * hardlapisFreq * _default_'/>
                    <Setting name='MotherlodeHeight' avg=':= 8/64 * dimension.groundLevel' range='4'/>
                    <Setting name='BranchLength' avg=':= 36/64 * dimension.groundLevel' range='12' type='normal'/>
                    <Setting name='BranchInclination' avg=':= -_default_' range=':=_default_'/>
                    <Setting name='SegmentRadius' avg=':= hardlapisSize * _default_' range=':= hardlapisSize * _default_'/>          
                </Veins>
                <Veins name='hardLapisLazuliVeinsOcean' inherits='hardLapisLazuliVeins'>
                    <Description> This roughly triples the chance of finding lapis lazuli under oceans. </Description>
                    <Setting name='MotherlodeFrequency' avg=':= 2 * _default_'/>
                    <ReplacesOre block='stone'/>
                    <ReplacesOre block='ganyssurface:.*' weight='-1'/>
                    <Replaces block='minecraft:dirt'/>
                    <Replaces block='minecraft:sand'/>
                    <BiomeSet inherits='lapisBiomes' />
                </Veins>
            </IfCondition>
                
            <IfCondition condition=':= hardlapisDist = "strategicClouds"'>
                <Cloud name='hardLapisLazuliCloud' block='minecraft:lapis_ore' inherits='PresetStrategicCloud'>
                    <Description>  Diffuse lapis lazuli cloud surrounded by single-block "hint" veins, found under oceans </Description>
                    <DrawWireframe>:=drawWireframes</DrawWireframe>
                    <WireframeColor>0x40000055</WireframeColor>
                    <Setting name='DistributionFrequency' avg=':= 2.5 * hardlapisFreq * _default_'/>
                    <Setting name='CloudRadius' avg=':= 0.65 * hardlapisSize * _default_' range=':= 0.5 * hardlapisSize * _default_'/>
                    <Setting name='CloudThickness' avg=':= 0.7 * hardlapisSize * _default_' range=':= 0.7 * hardlapisSize * _default_'/> 
                    <BiomeSet inherits='lapisBiomes' />
                    <Veins name='hardLapisLazuliHintVeins' block='minecraft:lapis_ore' inherits='PresetHintVeins'>
                        <DrawWireframe>:=drawWireframes</DrawWireframe>
                        <WireframeColor>0x40000055</WireframeColor>
                        <Setting name='MotherlodeFrequency' avg=':= 0.7 * _default_' range=':= _default_'/>
                        <Setting name='MotherlodeRangeLimit' avg=':= 0.65 * hardlapisSize * _default_' range=':= 0.65 * hardlapisSize * _default_'/>                  
                    </Veins>
                </Cloud>
            </IfCondition>
        
        </ConfigSection>
        
        <!--*****************   Emerald   **********************-->
        <ConfigSection>
        	<StandardGen name='EmeraldStandard' inherits='PresetStandardGen' block='minecraft:stone'> 
				<Setting name='Frequency' avg='0' range='0'/>
			</StandardGen>
			<Veins name='EmeraldVeins' inherits='PresetLayeredVeins' block='minecraft:stone'> 
				<Setting name='MotherlodeFrequency' avg='0' range='0'/>
			</Veins>
			<Veins name='EmeraldVeinsSilverfish' inherits='PresetLayeredVeins' block='minecraft:stone'> 
				<Setting name='MotherlodeFrequency' avg='0' range='0'/>
			</Veins>
			<Veins name='vnlaEmeraldBaseVeins' inherits='PresetLayeredVeins' block='minecraft:stone'> 
				<Setting name='MotherlodeFrequency' avg='0' range='0'/>
			</Veins>
			<Veins name='vnlaEmeraldBasePipe' inherits='PresetLayeredVeins' block='minecraft:stone'> 
				<Setting name='MotherlodeFrequency' avg='0' range='0'/>
			</Veins>
			<Veins name='vnlaEmeraldBaseVeins' inherits='PresetLayeredVeins' block='minecraft:stone'> 
				<Setting name='MotherlodeFrequency' avg='0' range='0'/>
			</Veins>
			<Cloud name='vnlaEmeraldBaseCloud' inherits='PresetStrategicCloud' block='minecraft:stone'> 
				<Setting name='DistributionFrequency' avg='0' range='0'/>
			</Cloud>
			<StandardGen name='vnlaEmeraldBaseStandard' inherits='PresetStandardGen' block='minecraft:stone'> 
				<Setting name='Frequency' avg='0' range='0'/>
			</StandardGen>
			<Cloud name='EmeraldCloud' inherits='PresetStrategicCloud' block='minecraft:stone'> 
				<Setting name='DistributionFrequency' avg='0' range='0'/>
			</Cloud>
            <IfCondition condition=':= hardemeraldDist = "vanillaStdGen"'>
                <StandardGen name='hardEmeraldStandard' block='minecraft:emerald_ore' inherits='PresetStandardGen'>
                    <Description> Equivalent to vanilla minecraft diamond distribution </Description>
                    <DrawWireframe>:=drawWireframes</DrawWireframe>
                    <WireframeColor>0x40339966</WireframeColor>
                    <Setting name='Size' avg=':= 2/8 * hardemeraldSize * _default_'/>
                    <Setting name='Frequency' avg=':= 6/20 * hardemeraldFreq * _default_' 
                                              range=':= 2 * hardemeraldFreq'/>
                    <Setting name='Height' avg=':= 18/64 * dimension.groundLevel' range=':= 14/64 * dimension.groundLevel'/>
                    <BiomeSet inherits='emeraldBiomes' />
                </StandardGen>
            </IfCondition>
                
            <IfCondition condition=':= hardemeraldDist = "layeredVeins"'>
                <Veins name="hardEmeraldVeins" block='minecraft:emerald_ore' inherits='PresetPipeVeins' seed='0x3966'>
                    <Description> Short sparsely filled tubes.  5x more common in Extreme Hills. </Description>
                    <DrawWireframe>:=drawWireframes</DrawWireframe>
                    <WireframeColor>0x40339966</WireframeColor>
                    <Setting name='MotherlodeFrequency' avg=':= 0.9 * hardemeraldFreq * _default_'/> 
                    <Setting name='MotherlodeHeight' avg=':= 10/64 * dimension.groundLevel' range=':= 4/64 * dimension.groundLevel'/>
                    <Setting name='MotherlodeSize' avg=':= 0.85 * hardemeraldSize * _default_' range=':= 0.7 * hardemeraldSize * _default_'/>
                    <Setting name='BranchInclination' avg='0.55' range='0.7' type='normal'/>
                    <Setting name='SegmentRadius' avg=':= 0.85 * hardemeraldSize * _default_' range=':= 0.7 * hardemeraldSize * _default_'/>
                    <Setting name='OreDensity' avg=':= 1.2 * _default_'/>
                    <Biome name='.*' weight='0.20'/>
                    <BiomeSet inherits='emeraldBiomes' />
                </Veins>
                <Veins name="hardEmeraldVeinsSilverfish" block='minecraft:monster_egg' inherits='hardEmeraldVeins' seed='0x3966'>
                    <Description>
                        Fill center of tubes with silverfish spawners.
                        Credit: based on novel examples by AnonymousViking from the MC forums.
                    </Description>
                    <Setting name='MotherlodeSize' avg='0.51' range='0.1'/>
                    <Setting name='SegmentRadius' avg='0.51' range='0.1'/>
                    <Setting name='OreDensity' avg='1' range='0'/>
                    <ReplacesOre block='stone'/>
                    <ReplacesOre block='ganyssurface:.*' weight='-1'/>
                    <Replaces block='minecraft:emerald_ore'/>
                </Veins>
            </IfCondition>
                
            <IfCondition condition=':= hardemeraldDist = "strategicClouds"'>
                <Cloud name='hardEmeraldCloud' block='minecraft:emerald_ore' inherits='PresetStrategicCloud'>
                    <Description>
                        Diffuse emerald cloud with no internal density noise, found in extreme hills.
                    </Description>
                    <DrawWireframe>:=drawWireframes</DrawWireframe>
                    <WireframeColor>0x40339966</WireframeColor>
                    <Setting name='DistributionFrequency' avg=':= 45 * hardemeraldFreq * _default_'/>
                    <Setting name='CloudRadius' avg=':= 0.4 * hardemeraldSize * _default_' range=':= 0.4 * hardemeraldSize * _default_'/>
                    <Setting name='CloudThickness' avg=':= 0.2 * hardemeraldSize * _default_' range=':= 0.17 * hardemeraldSize * _default_'/>
                    <Setting name='CloudHeight' avg=':= 10/64 * dimension.groundLevel' range=':= 5/64 * dimension.groundLevel'/>
                    <Setting name='OreRadiusMult' avg='1' range='0.2'/>
                    <Setting name='OreDensity' avg=':= 0.4 * _default_'/>
                    <Setting name='OreVolumeNoiseCutoff' avg='0'/>
                    <BiomeSet inherits='emeraldBiomes' />
                </Cloud>
            </IfCondition>
            
        </ConfigSection>
        
    </IfCondition>
    
</ConfigSection>
</IfModInstalled>
