{
	"Netherrack":{
		//The display name of the frame(required)
		"name":"frame.mc.netherrack",
		//The rgb color of the frame(optional default: 255,255,255)
		"ColorRed":255,
		"ColorGreen":65,
		"ColorBlue":65,
		//The frame type (optional default 0)
		//0: metal
		//1: stone
		//2: obsidian
		"FrameType":1,
		//The tier the frame is used to craft(optional 0-7(inclusive) default -1)
		//set to -1 to disable crafting(still alows painting)
		"tier":"0",
		//a list of materials that can be used to craft/paint a frame(required)
		//OreDictionary value: "Ore"
		//ItemStack: {(required)"name":"name", (optional)"meta":meta(set to "wildcard" to use any meta}, (optional)"nbt":{nbt data}}
		"materials":{"name":"netherrack"}
	},
	"Iron":{
		"name":"frame.mc.iron",
		"ColorRed":255,
		"ColorGreen":255,
		"ColorBlue":255,
		"FrameType":0,
		"tier":1,
		"materials":"ingotIron"
	},
	"Gold":{
		"name":"frame.mc.gold",
		"ColorRed":230,
		"ColorGreen":180,
		"ColorBlue":40,
		"FrameType":0,
		"tier":2,
		"materials":"ingotGold"
	},
	"Lapis":{
		"name":"frame.mc.lapis",
		"ColorRed":65,
		"ColorGreen":65,
		"ColorBlue":255,
		"FrameType":1,
		"tier":3,
		"materials":"blockLapis"
	},
	"Quartz":{
		"name":"frame.mc.quartz",
		"ColorRed":255,
		"ColorGreen":255,
		"ColorBlue":255,
		"FrameType":0,
		"tier":4,
		"materials":"blockQuartz"
	},
	"Diamond":{
		"name":"frame.mc.diamond",
		"ColorRed":105,
		"ColorGreen":250,
		"ColorBlue":218,
		"FrameType":0,
		"tier":5,
		"materials":"gemDiamond"
	},
	"Emerald":{
		"name":"frame.mc.emerald",
		"ColorRed":77,
		"ColorGreen":192,
		"ColorBlue":97,
		"FrameType":0,
		"tier":6,
		"materials":"gemEmerald"
	},
	"NetherStar":{
		"name":"frame.mc.nether",
		"ColorRed":255,
		"ColorGreen":255,
		"ColorBlue":255,
		"FrameType":0,
		"tier":7,
		"materials":{"name":"nether_star"}
	}
}